0.7922248244285583,0.6195899844169617,3.331140874252015e-07,0.7388512492179871,0.5076691508293152,0.0020001251250505,0.6698881983757019,0.4131801426410675,-0.0150969494134187,0.5963638424873352,0.3706662058830261,-0.0366111174225807,0.5440005660057068,0.353999376296997,-0.0599308796226978,0.650689959526062,0.3418300747871399,-0.0520856194198131,0.5546560287475586,0.2601154744625091,-0.0931887999176979,0.5010930895805359,0.1994601190090179,-0.1168868392705917,0.4579284787178039,0.1464273929595947,-0.131807655096054,0.667436957359314,0.3908312320709228,-0.0751724168658256,0.5364707708358765,0.3478313684463501,-0.1195487231016159,0.4500629305839538,0.3241926431655884,-0.1385275423526764,0.3819197416305542,0.3065775632858276,-0.1500887274742126,0.6787455081939697,0.4689265489578247,-0.0951595529913902,0.5390512347221375,0.5223153233528137,-0.1322060972452163,0.565987229347229,0.5552362203598022,-0.121448777616024,0.6074988842010498,0.5519684553146362,-0.1063463687896728,0.6836970448493958,0.5539314150810242,-0.1148682311177253,0.5634067058563232,0.5990434885025024,-0.1384705901145935,0.5874530673027039,0.6159354448318481,-0.1246115416288375,0.6282308101654053,0.6033159494400024,-0.1086973398923873
0.9189950227737428,0.6694647669792175,3.415995877276146e-07,0.8494104146957397,0.5865399837493896,0.0045425882562994,0.7893480658531189,0.5134857892990112,-0.0135122016072273,0.7393036484718323,0.4930002987384796,-0.0371958948671817,0.7187436819076538,0.4939802289009094,-0.0624990724027156,0.804749608039856,0.4129556119441986,-0.0521770305931568,0.7503541707992554,0.317677766084671,-0.0936084613204002,0.714990496635437,0.2521454691886902,-0.1195651888847351,0.6851400136947632,0.1931588351726532,-0.1386803388595581,0.834659993648529,0.445211112499237,-0.0794158056378364,0.7470908761024475,0.3914654850959778,-0.1273578405380249,0.6775087118148804,0.3677126169204712,-0.1479489207267761,0.6226565837860107,0.3490950763225555,-0.1607270091772079,0.8543741703033447,0.5093685388565063,-0.1038294360041618,0.7252580523490906,0.5500736832618713,-0.1417233049869537,0.738374650478363,0.5959196090698242,-0.1315339356660843,0.7733559012413025,0.6021386384963989,-0.1183186993002891,0.8653191328048706,0.5858182311058044,-0.1285137683153152,0.7523216605186462,0.633743405342102,-0.1542415469884872,0.7601332664489746,0.6546960473060608,-0.1447328180074691,0.7950679659843445,0.6428693532943726,-0.1335327178239822
0.8781062364578247,0.653563916683197,2.5327764774374373e-07,0.812982976436615,0.5683506727218628,0.0063658375293016,0.7552211880683899,0.4803794026374817,-0.0076658548787236,0.7095617651939392,0.4311817586421966,-0.0268269777297973,0.6856417059898376,0.4074310958385467,-0.0477735362946987,0.7623100280761719,0.408963531255722,-0.0498269498348236,0.6955844759941101,0.3195269107818603,-0.0896972343325614,0.6556712985038757,0.2580858469009399,-0.1132130324840545,0.6204441785812378,0.2017808854579925,-0.1301628798246383,0.7872536182403564,0.442881315946579,-0.075827457010746,0.6914137005805969,0.3946283459663391,-0.1217932626605033,0.6194866299629211,0.377374529838562,-0.1392880976200103,0.5613003373146057,0.3639633655548095,-0.149771362543106,0.8037177324295044,0.5072394013404846,-0.0989211350679397,0.6757372617721558,0.551036536693573,-0.1363692134618759,0.693300724029541,0.5934316515922546,-0.1250793486833572,0.7284998297691345,0.5979480743408203,-0.111024722456932,0.8133440017700195,0.5813677310943604,-0.1219030395150184,0.7037395238876343,0.6264821887016296,-0.1483089625835418,0.7166284918785095,0.6471469402313232,-0.1388911455869674,0.7525473833084106,0.6364032626152039,-0.1273650676012039
0.8815360069274902,0.844367265701294,4.802038233719941e-07,0.8319858312606812,0.7462071776390076,-0.0104981604963541,0.7551050782203674,0.694637656211853,-0.039020150899887,0.6919946074485779,0.698009729385376,-0.0634014979004859,0.6458300352096558,0.710809588432312,-0.0934097096323967,0.7637544274330139,0.6550408005714417,-0.1143837720155716,0.6900641918182373,0.589245617389679,-0.1578859090805053,0.6404651403427124,0.5372462272644043,-0.1863692104816436,0.5996208786964417,0.4961447119712829,-0.2060539275407791,0.7899075746536255,0.7273879051208496,-0.1262065470218658,0.675352931022644,0.7240099310874939,-0.1668364107608795,0.5963812470436096,0.7246547341346741,-0.1814580261707306,0.5393112897872925,0.7339801788330078,-0.1964842528104782,0.801445722579956,0.8192666172981262,-0.1309436708688736,0.6600407361984253,0.842689037322998,-0.1602366417646408,0.6761847734451294,0.8340393304824829,-0.1429819464683532,0.7181771397590637,0.8279630541801453,-0.1302053928375244,0.8019824624061584,0.9097437858581544,-0.1347616612911224,0.6808946132659912,0.9224811792373656,-0.1597514450550079,0.6970734000205994,0.9045256972312928,-0.1454489827156067,0.737123966217041,0.8826984167098999,-0.1317537724971771
0.895086407661438,0.7187538743019104,3.629215257205942e-07,0.8282097578048706,0.6376376748085022,-0.0210995730012655,0.7457404732704163,0.5962241888046265,-0.0594487898051738,0.6861313581466675,0.5979292392730713,-0.0905792489647865,0.6428917050361633,0.5993988513946533,-0.1285861581563949,0.7655075192451477,0.5743440389633179,-0.1493540555238723,0.6851949095726013,0.5421880483627319,-0.1994937807321548,0.6266536116600037,0.5167480111122131,-0.2310052216053009,0.5776911377906799,0.5004246830940247,-0.2535010874271393,0.8123902082443237,0.6395957469940186,-0.1571754813194275,0.6956696510314941,0.6873252987861633,-0.2058691084384918,0.6159533262252808,0.7226077318191528,-0.2202648222446441,0.567452073097229,0.7608901858329773,-0.2360592633485794,0.842231273651123,0.7280624508857727,-0.156869351863861,0.7048337459564209,0.7926523685455322,-0.1833309531211853,0.7121387124061584,0.776314377784729,-0.1562282145023346,0.7499886751174927,0.7577921152114868,-0.139776661992073,0.8549695014953613,0.8125889301300049,-0.1570691764354705,0.7380043864250183,0.8621596097946167,-0.1796089112758636,0.7434729337692261,0.8358603119850159,-0.1617987006902694,0.7765288352966309,0.7996937036514282,-0.1471360623836517
0.7826998233795166,0.9182651042938232,-8.348420692527725e-07,0.7223390340805054,0.8441745638847351,-0.0460931845009326,0.681494414806366,0.7593372464179993,-0.0857997238636016,0.6627224683761597,0.6914424896240234,-0.1214494705200195,0.6596878170967102,0.6217390298843384,-0.1567410230636596,0.7460914850234985,0.823015570640564,-0.0936030149459838,0.6884382963180542,0.8717319965362549,-0.1445268094539642,0.6594086289405823,0.9002030491828918,-0.182809293270111,0.6466310024261475,0.9222012758255004,-0.2062172591686248,0.7888245582580566,0.9075247049331664,-0.0948940515518188,0.7195020318031311,0.9693092107772828,-0.1328378766775131,0.688908040523529,0.9879089593887328,-0.1487779021263122,0.6767644286155701,0.9974913597106934,-0.1637868285179138,0.8188722729682922,0.9814817905426024,-0.0976242199540138,0.761991024017334,1.050495982170105,-0.1379216313362121,0.7352555990219116,1.0687696933746338,-0.137313425540924,0.7241489291191101,1.0747792720794678,-0.1356908529996872,0.8389624357223511,1.0425392389297483,-0.104570485651493,0.8044087886810303,1.11216139793396,-0.1332584917545318,0.7817524671554565,1.1393206119537354,-0.1278753131628036,0.7714949250221252,1.148478627204895,-0.1227783188223838
0.7332107424736023,0.754827618598938,7.898894978097815e-07,0.6785365343093872,0.6703675985336304,-0.0553817600011825,0.6475576162338257,0.5764360427856445,-0.0987128093838691,0.6353771090507507,0.5100400447845459,-0.135272592306137,0.6168072819709778,0.4426053464412689,-0.1717710942029953,0.7208495140075684,0.5188869833946228,-0.1311578899621963,0.740471601486206,0.3990145921707153,-0.1997906565666198,0.7525482177734375,0.3260866999626159,-0.2472470998764038,0.7718999981880188,0.2544246613979339,-0.2824388742446899,0.7942962646484375,0.570403516292572,-0.1399851888418197,0.795569896697998,0.5210274457931519,-0.2201425582170486,0.7945685982704163,0.4907922148704529,-0.2578655481338501,0.8067085146903992,0.443046510219574,-0.2793208956718445,0.8402193784713745,0.6572532057762146,-0.1483296155929565,0.7671966552734375,0.6819263100624084,-0.2176314443349838,0.6975803971290588,0.7116065621376038,-0.2110427618026733,0.6617312431335449,0.718804657459259,-0.198416069149971,0.8547293543815613,0.7503728866577148,-0.1617031246423721,0.7803022861480713,0.7796428203582764,-0.2173469960689544,0.7140236496925354,0.7865087389945984,-0.2103317826986313,0.6732891201972961,0.7835305333137512,-0.1977018415927887
0.9315643310546876,0.8395626544952393,3.110984607701539e-07,0.889606237411499,0.7093799710273743,-0.0075021930970251,0.8100998401641846,0.6307573914527893,-0.039134744554758,0.7347848415374756,0.6212936043739319,-0.0677759572863578,0.6784565448760986,0.639166533946991,-0.1039147526025772,0.8116196990013123,0.5888569355010986,-0.1255813390016555,0.7296456694602966,0.5149050354957581,-0.1736786663532257,0.6704761385917664,0.461103618144989,-0.204660415649414,0.6192071437835693,0.41818368434906,-0.2268153429031372,0.8355053663253784,0.6784119606018066,-0.1420380920171737,0.6895890831947327,0.6667559742927551,-0.1834615617990493,0.5970451831817627,0.6644301414489746,-0.1963026970624923,0.5302979350090027,0.6727927327156067,-0.2120021283626556,0.8426507115364075,0.7835782170295715,-0.150505781173706,0.6745419502258301,0.7920006513595581,-0.1792999356985092,0.6999005079269409,0.7905864715576172,-0.1578032672405243,0.750575840473175,0.790117621421814,-0.1436704397201538,0.8387839794158936,0.8819024562835693,-0.1580396741628646,0.6988602876663208,0.8783135414123535,-0.1825398802757263,0.7212945222854614,0.8678484559059143,-0.1645345091819763,0.7695520520210266,0.8533419966697693,-0.1489430367946624
0.8676517009735107,0.8344783782958984,4.4925263864570297e-07,0.8109021186828613,0.7259804010391235,-0.0110998600721359,0.7232437133789062,0.6701159477233887,-0.0445544682443141,0.650144636631012,0.6835131645202637,-0.0740118771791458,0.6015323996543884,0.7151833772659302,-0.1114131435751915,0.7313327789306641,0.6206607818603516,-0.1310817450284958,0.6392908692359924,0.5497978329658508,-0.1778856515884399,0.578557550907135,0.4973204135894775,-0.2071326673030853,0.5278748273849487,0.456300288438797,-0.2272976636886596,0.7629548907279968,0.7008346319198608,-0.1453201919794082,0.6269237995147705,0.6986252665519714,-0.18675297498703,0.5386348366737366,0.7041773796081543,-0.2002764344215393,0.4756355285644531,0.7179727554321289,-0.2152820229530334,0.7788331508636475,0.8017280101776123,-0.1511176526546478,0.6203680634498596,0.8342272043228149,-0.1800817996263504,0.6354002356529236,0.8289580345153809,-0.1609833389520645,0.6783632636070251,0.8221134543418884,-0.1476462185382843,0.7810271382331848,0.9013971090316772,-0.1558933854103088,0.644457221031189,0.9195467233657836,-0.1802019923925399,0.6595462560653687,0.9027171730995178,-0.1627320945262909,0.7026439905166626,0.8798704743385315,-0.1470852047204971
0.8749457597732544,0.8363392353057861,3.6906806144543225e-07,0.818996787071228,0.7141972780227661,-0.0032090328168123,0.7320016026496887,0.6351879835128784,-0.0297525562345981,0.655640721321106,0.6327236890792847,-0.0563597157597541,0.605063796043396,0.6583749055862427,-0.0891806781291961,0.7323880791664124,0.5826757550239563,-0.1011381447315216,0.6425963640213013,0.4994571208953857,-0.144196406006813,0.5837517976760864,0.445068746805191,-0.1708451062440872,0.5330453515052795,0.3996644020080566,-0.1902470886707306,0.7589438557624817,0.6584305167198181,-0.1217412799596786,0.6290135383605957,0.6364868879318237,-0.1626162827014923,0.5465582013130188,0.6263852715492249,-0.1779699325561523,0.483037531375885,0.6235249042510986,-0.1934570223093032,0.7720995545387268,0.7586745023727417,-0.135444775223732,0.6140596866607666,0.7877058982849121,-0.1660913378000259,0.6446840763092041,0.7937661409378052,-0.1481795459985733,0.6944690346717834,0.7887091040611267,-0.1346192061901092,0.7762954235076904,0.8581388592720032,-0.1483493745326995,0.6414325833320618,0.8733188509941101,-0.1725805252790451,0.6668745875358582,0.8680247068405151,-0.1552463620901107,0.7155819535255432,0.8527887463569641,-0.1396238058805465
0.8747580647468567,0.8307195901870728,3.280136695593683e-07,0.8242076635360718,0.7027700543403625,-0.0024806975852698,0.7439248561859131,0.6165788173675537,-0.028691379353404,0.6677560210227966,0.6026749610900879,-0.0560708120465278,0.6143446564674377,0.6187284588813782,-0.088519662618637,0.7383628487586975,0.5574204325675964,-0.0915348529815673,0.6508870124816895,0.4674818515777588,-0.1372014880180359,0.5954233407974243,0.4044151604175567,-0.166608452796936,0.54710853099823,0.349928468465805,-0.187919408082962,0.7647371292114258,0.6280957460403442,-0.1131240203976631,0.6354005336761475,0.5933051109313965,-0.1571839302778244,0.5545620918273926,0.5786939859390259,-0.1744726598262787,0.4919915199279785,0.5694133639335632,-0.1899684369564056,0.7775256037712097,0.7215049266815186,-0.1289012283086776,0.6207859516143799,0.7496216893196106,-0.1617710143327713,0.6508668661117554,0.765727162361145,-0.1450277715921402,0.7008402943611145,0.7614099979400635,-0.1312002390623092,0.7827391028404236,0.8130192160606384,-0.1442314684391021,0.6478147506713867,0.832391619682312,-0.168468177318573,0.6739985942840576,0.8341553211212158,-0.1517778486013412,0.7244870066642761,0.819334864616394,-0.1362456828355789
0.8811396360397339,0.8321272730827332,3.783109434607468e-07,0.8289722204208374,0.7029773592948914,0.0058905901387333,0.7564955353736877,0.6024380922317505,-0.0137971378862857,0.688331127166748,0.5686744451522827,-0.0375897027552127,0.6423278450965881,0.5633959770202637,-0.0645148381590843,0.7528958916664124,0.5393566489219666,-0.070788636803627,0.6698600649833679,0.4340895712375641,-0.1166441589593887,0.6196037530899048,0.3616533577442169,-0.1462372541427612,0.5765089988708496,0.2994240224361419,-0.1674056202173233,0.773963212966919,0.6006399393081665,-0.0970996841788292,0.6600741744041443,0.5399620532989502,-0.1443685442209243,0.5817490220069885,0.506973147392273,-0.1660844981670379,0.5194568634033203,0.482993870973587,-0.1828818917274475,0.7828928232192993,0.687783420085907,-0.118112064898014,0.6305751800537109,0.7101069092750549,-0.1515692472457885,0.6579317450523376,0.7403209805488586,-0.1356165111064911,0.7049897909164429,0.7415438294410706,-0.1210796162486076,0.7868486642837524,0.7771516442298889,-0.1386834532022476,0.6560057401657104,0.7972604036331177,-0.1609113365411758,0.681609570980072,0.8082876205444336,-0.1441612839698791,0.7317443490028381,0.7956752777099609,-0.1282540112733841
0.7087774276733398,0.8730947375297546,5.103365765535273e-07,0.6552915573120117,0.762050986289978,-0.0092298425734043,0.5694143176078796,0.6878029704093933,-0.0419885627925396,0.4927857220172882,0.6846463680267334,-0.0732292234897613,0.4374658763408661,0.7075710296630859,-0.1112144216895103,0.58262699842453,0.641723096370697,-0.1212746202945709,0.4957955479621887,0.55220627784729,-0.1698055118322372,0.4414750039577484,0.4897215068340301,-0.1985102146863937,0.3951777219772339,0.4381461441516876,-0.2188638150691986,0.6039282083511353,0.7160991430282593,-0.1407767385244369,0.4713459610939026,0.6914640069007874,-0.1853416860103607,0.3892998397350311,0.679382860660553,-0.1992378979921341,0.3271306157112121,0.6775689125061035,-0.2140139043331146,0.6139928698539734,0.8160882592201233,-0.1531919687986374,0.4511485695838928,0.8509951233863831,-0.1876948922872543,0.4809702634811401,0.8618868589401245,-0.1676406264305114,0.5311723351478577,0.8605809807777405,-0.1531786173582077,0.6162234544754028,0.915586233139038,-0.1650748699903488,0.48417729139328,0.9395347833633424,-0.1949825435876846,0.511705756187439,0.9340936541557312,-0.1786524802446365,0.5604875087738037,0.9170219302177428,-0.1636875122785568
0.7323988676071167,0.8886191248893738,4.887499471806223e-07,0.6800510883331299,0.7835289239883423,-0.0117440251633524,0.5950549840927124,0.7227902412414551,-0.0467573776841163,0.5183326005935669,0.7317688465118408,-0.0795751214027404,0.4688460230827331,0.7570936679840088,-0.1187585592269897,0.6056233048439026,0.6613401770591736,-0.1230439916253089,0.5222600102424622,0.5747275948524475,-0.1739471852779388,0.4684517383575439,0.5107845067977905,-0.2066494822502136,0.4238691329956054,0.4587902426719665,-0.2297224551439285,0.6316742897033691,0.7352342009544373,-0.1405464112758636,0.5051316022872925,0.7154122591018677,-0.1881687194108963,0.4212259948253631,0.7078760862350464,-0.2065007239580154,0.3575277328491211,0.7106113433837891,-0.2241442650556564,0.642268717288971,0.8345168828964233,-0.1508390307426452,0.4826430678367615,0.8643497824668884,-0.1860840618610382,0.5091297030448914,0.870086669921875,-0.1664289534091949,0.5575883984565735,0.8686959147453308,-0.1515829116106033,0.6414154767990112,0.9324283599853516,-0.160738468170166,0.503527045249939,0.9524586200714112,-0.1903051137924194,0.526756227016449,0.9450677037239076,-0.1734558939933776,0.5744925737380981,0.9282066822052002,-0.1574500948190689
0.8753011226654053,0.9660676121711732,3.734619156148256e-07,0.7975901365280151,0.8872576355934143,-0.0109100230038166,0.7138479948043823,0.821648120880127,-0.0380241051316261,0.6558003425598145,0.7961446046829224,-0.0625834465026855,0.6096376776695251,0.7705817818641663,-0.0921030268073082,0.7667799592018127,0.7503455877304077,-0.1026109606027603,0.7139433026313782,0.6452792286872864,-0.148154005408287,0.676304817199707,0.5740140676498413,-0.1758670955896377,0.6472486257553101,0.5129375457763672,-0.1938271671533584,0.7995029091835022,0.8067072033882141,-0.1197456642985344,0.7148081064224243,0.7684913873672485,-0.162169799208641,0.6470153331756592,0.7637125253677368,-0.175096184015274,0.6000482439994812,0.7654761672019958,-0.1854092627763748,0.8155879974365234,0.8968672752380371,-0.1320937424898147,0.6965091824531555,0.924682915210724,-0.1652180701494217,0.6612698435783386,0.9347802400588988,-0.1543521881103515,0.6545791625976562,0.9362333416938782,-0.1456692069768905,0.817197322845459,0.9982873797416688,-0.1438252627849578,0.7064476013183594,1.0397034883499146,-0.1704637855291366,0.6864916086196899,1.042038917541504,-0.1601472198963165,0.6938657164573669,1.031771898269653,-0.1495575755834579
0.8273693323135376,0.8710303902626038,4.370130284314655e-07,0.757429301738739,0.7697607278823853,-0.0531941279768943,0.7126262187957764,0.6569616794586182,-0.0913030356168747,0.6770482063293457,0.5685514211654663,-0.1202673390507698,0.6543112993240356,0.5080611109733582,-0.1555133312940597,0.8296015858650208,0.7124910354614258,-0.1368076205253601,0.8075414299964905,0.6356841921806335,-0.1900728046894073,0.7692561149597168,0.5794783234596252,-0.2307347357273101,0.7313171029090881,0.5345662832260132,-0.260376513004303,0.8582175374031067,0.8121266961097717,-0.1380169689655304,0.8275121450424194,0.7755245566368103,-0.1921279430389404,0.7640805244445801,0.770605206489563,-0.2265224158763885,0.7071940302848816,0.7704557776451111,-0.2586110234260559,0.8624080419540405,0.9143556356430054,-0.1374125331640243,0.8070889711380005,0.9201427102088928,-0.1945044845342636,0.7450339198112488,0.924747347831726,-0.2141086459159851,0.6937992572784424,0.928425431251526,-0.2288068681955337,0.8521666526794434,1.0089013576507568,-0.1383529156446457,0.7941851615905762,1.0406928062438965,-0.180413544178009,0.7470558881759644,1.0431833267211914,-0.1875340938568115,0.711811900138855,1.0373878479003906,-0.1954482048749923
0.8137691020965576,0.8090680837631226,4.838402674067765e-07,0.7404783368110657,0.6745052337646484,-0.0370128564536571,0.7024620771408081,0.5627596378326416,-0.0920826494693756,0.6736900210380554,0.4952116906642914,-0.140305683016777,0.6502506732940674,0.4241237342357635,-0.1893442273139953,0.7728514671325684,0.5320618152618408,-0.1905073821544647,0.7284459471702576,0.4359196424484253,-0.2874040603637695,0.7086139917373657,0.3580664396286011,-0.3561863601207733,0.689371645450592,0.2836192548274994,-0.4087571501731872,0.8191148638725281,0.5976405143737793,-0.2079091370105743,0.7359610795974731,0.5719614624977112,-0.3181003034114837,0.6859610676765442,0.529233992099762,-0.3613339066505432,0.6541380286216736,0.4865346252918243,-0.3916279971599579,0.832796037197113,0.6932821273803711,-0.2184736281633377,0.7002931237220764,0.709879457950592,-0.271269679069519,0.6879408359527588,0.7188879251480103,-0.2225100696086883,0.7093694806098938,0.7158738374710083,-0.1917812079191208,0.8311394453048706,0.7878760099411011,-0.2360424101352691,0.7112113833427429,0.8003599643707275,-0.2814451456069946,0.6915234923362732,0.7879552841186523,-0.2610756456851959,0.7025054097175598,0.766231119632721,-0.242285281419754
0.8110616207122803,0.7905287146568298,4.86075578010059e-07,0.7372586727142334,0.6743189692497253,-0.01981814019382,0.6963114142417908,0.5803281664848328,-0.0633096396923065,0.6670056581497192,0.5431635975837708,-0.1041825041174888,0.6471424698829651,0.5111106038093567,-0.1470769941806793,0.7442259192466736,0.5048714876174927,-0.1478374898433685,0.6927899122238159,0.4014683663845062,-0.2247442454099655,0.6721301078796387,0.3220040202140808,-0.2793320119380951,0.6534852981567383,0.2488426268100738,-0.3204320967197418,0.7887275218963623,0.5606177449226379,-0.1684713959693908,0.7078940868377686,0.5158897042274475,-0.2514631748199463,0.6544184684753418,0.4735313653945923,-0.2842973172664642,0.6156232953071594,0.4340564012527466,-0.3081475794315338,0.8067451119422913,0.6469274163246155,-0.1828952729701995,0.6734933853149414,0.6628566980361938,-0.2238275408744812,0.6607722640037537,0.6831082105636597,-0.1861449778079986,0.6822090148925781,0.6847047209739685,-0.1616126298904419,0.8084336519241333,0.7382994294166565,-0.2016433477401733,0.6866222023963928,0.7528581619262695,-0.2325627356767654,0.6632817983627319,0.7483506798744202,-0.2123291343450546,0.6746126413345337,0.7300368547439575,-0.1950565725564956
0.8283870816230774,0.805239737033844,3.813500484284305e-07,0.7727405428886414,0.684750497341156,-0.006623859051615,0.6886798143386841,0.6121523976325989,-0.0404873304069042,0.6166856288909912,0.6146771311759949,-0.0719466060400009,0.5645579099655151,0.6339888572692871,-0.1109954789280891,0.7000241279602051,0.5631672143936157,-0.1297722905874252,0.6174642443656921,0.4808064103126526,-0.1816102564334869,0.5643048882484436,0.4208285510540008,-0.2155863046646118,0.5185876488685608,0.3703930377960205,-0.2400826960802078,0.7311830520629883,0.6415632963180542,-0.1479271501302719,0.6000131368637085,0.6243659257888794,-0.1926489472389221,0.5160442590713501,0.6191386580467224,-0.2080077081918716,0.4543889164924621,0.6218208074569702,-0.2254743427038192,0.744751513004303,0.7421684861183167,-0.1577545702457428,0.5861533880233765,0.7728360891342163,-0.1839520633220672,0.6096745729446411,0.7764232158660889,-0.1605274230241775,0.6575395464897156,0.7679027318954468,-0.1471096128225326,0.747189462184906,0.8393773436546326,-0.1671609282493591,0.6119866371154785,0.8620197176933289,-0.1890548169612884,0.6340141296386719,0.8534704446792603,-0.1696832925081253,0.6828722357749939,0.8313184976577759,-0.1544539034366607
0.8342236280441284,0.8041196465492249,3.636496046510729e-07,0.7815349698066711,0.6816301941871643,-0.0044412752613425,0.6958061456680298,0.6076136827468872,-0.0338949561119079,0.6178483963012695,0.6054588556289673,-0.0624256581068038,0.5646330714225769,0.6235842704772949,-0.097793810069561,0.6974130868911743,0.5549503564834595,-0.1142385378479957,0.6085512042045593,0.4757798314094543,-0.1623811274766922,0.5514475107192993,0.4184316396713257,-0.1928233653306961,0.502100944519043,0.3705684542655945,-0.2143849432468414,0.723093569278717,0.6348158717155457,-0.1338199526071548,0.5837116241455078,0.6200791597366333,-0.176437497138977,0.4967526793479919,0.6151477694511414,-0.1914709657430648,0.4309473037719726,0.6175216436386108,-0.2075393497943878,0.7351703643798828,0.7367335557937622,-0.1458698511123657,0.5734131932258606,0.7671864032745361,-0.1756585985422134,0.6020035147666931,0.7718464732170105,-0.1548702865839004,0.6517547965049744,0.766503095626831,-0.1403635442256927,0.7380349040031433,0.8361170291900635,-0.1571537405252456,0.6018606424331665,0.851637601852417,-0.1813719868659973,0.6268096566200256,0.8444442749023438,-0.1627723723649978,0.6754117608070374,0.8270617723464966,-0.1464008837938308
0.8646122813224792,0.8670989871025085,6.065787374609499e-07,0.8598808646202087,0.7247996926307678,-0.0014563862932845,0.8194894790649414,0.5849486589431763,-0.0119266575202345,0.7756240963935852,0.4740569591522217,-0.0233783181756734,0.7352027893066406,0.4017637372016907,-0.0368921719491481,0.7730261087417603,0.563983142375946,-0.0549675226211547,0.6856927275657654,0.4456456899642944,-0.0847851783037185,0.6333260536193848,0.3721475005149841,-0.0983565747737884,0.5888898968696594,0.3151219189167022,-0.1042820215225219,0.7342286109924316,0.6326805949211121,-0.0702604576945304,0.5942425727844238,0.5397182703018188,-0.1011740714311599,0.5088475942611694,0.4941989779472351,-0.1120900511741638,0.4446669816970825,0.46316859126091,-0.1170155629515647,0.7025482654571533,0.7202837467193604,-0.0809988304972648,0.5957379341125488,0.6743496060371399,-0.1154145672917366,0.6306001543998718,0.704584538936615,-0.1020650789141655,0.6716299057006836,0.7305435538291931,-0.0821542963385582,0.6773527264595032,0.8124163150787354,-0.090445339679718,0.6016159653663635,0.7631682753562927,-0.1112319305539131,0.6340017914772034,0.784821093082428,-0.090497650206089,0.668952226638794,0.8044952154159546,-0.0670351758599281
0.8648065328598022,0.855043351650238,4.866437848249916e-07,0.8435806035995483,0.7183265089988708,0.0058568795211613,0.7839713096618652,0.6062604188919067,-0.0090476432815194,0.714123547077179,0.5617020726203918,-0.0285635907202959,0.658603847026825,0.5724313259124756,-0.0518577769398689,0.7777167558670044,0.5381277203559875,-0.0447136051952838,0.6995302438735962,0.4281961619853973,-0.0784949883818626,0.6517716646194458,0.3559948801994324,-0.0966303050518035,0.6124876737594604,0.2988904118537903,-0.1070449724793434,0.758243203163147,0.596917450428009,-0.0694415569305419,0.624887228012085,0.5125390291213989,-0.1047455817461013,0.548344075679779,0.46544149518013,-0.1193990036845207,0.4865890145301819,0.4270943403244018,-0.1276417970657348,0.7389507293701172,0.6800171136856079,-0.0902469530701637,0.6021027565002441,0.6707165241241455,-0.1293691843748092,0.635731041431427,0.7067438364028931,-0.1226678416132927,0.6795165538787842,0.7211956977844238,-0.108032114803791,0.7190549373626709,0.7711313962936401,-0.1092405393719673,0.615914523601532,0.7605903148651123,-0.1357942223548889,0.6469592452049255,0.7817768454551697,-0.1216387897729873,0.6887811422348022,0.7868480086326599,-0.1041423454880714
0.8997187614440918,0.8728759288787842,3.239520935949259e-07,0.8763319253921509,0.7376732230186462,0.0058956104330718,0.8152779936790466,0.6338163614273071,-0.0101654715836048,0.7468209862709045,0.5931273698806763,-0.0311462115496397,0.6940410137176514,0.5993277430534363,-0.0553922913968563,0.8083865642547607,0.5591162443161011,-0.0456338599324226,0.7277228832244873,0.4498743414878845,-0.0812714621424675,0.6772229075431824,0.3797367215156555,-0.1011897698044776,0.6383472681045532,0.3199639022350311,-0.1129201650619506,0.7919593453407288,0.6177642345428467,-0.0707172080874443,0.6619371175765991,0.5261940360069275,-0.1051127538084983,0.586049497127533,0.4814147651195526,-0.1187008768320083,0.5297592878341675,0.4439685046672821,-0.1267684251070022,0.775504469871521,0.6979787349700928,-0.0923241376876831,0.6363403797149658,0.6868930459022522,-0.1281960606575012,0.6644490957260132,0.7240706086158752,-0.1211387887597084,0.7090237736701965,0.7366138696670532,-0.1078950613737106,0.7597070932388306,0.7851266860961914,-0.1125184595584869,0.6495530605316162,0.7750917077064514,-0.1359870582818985,0.6767163872718811,0.798733115196228,-0.1216760948300361,0.7200257778167725,0.8034651279449463,-0.1053071618080139
0.9044897556304932,0.8919389247894287,4.2470688299545145e-07,0.8818340301513672,0.7539159655570984,0.0064110229723155,0.8173566460609436,0.6472141742706299,-0.0102758221328258,0.7449879050254822,0.6068193316459656,-0.0315878689289093,0.6867426037788391,0.6148743033409119,-0.0572743192315101,0.8120386004447937,0.5789653062820435,-0.0526415817439556,0.7305276989936829,0.4706073999404907,-0.0888957530260086,0.6810222864151001,0.3983978033065796,-0.1096652075648307,0.6406225562095642,0.337324857711792,-0.1221899390220642,0.7953883409500122,0.6388406157493591,-0.0770357549190521,0.6678124070167542,0.5560773611068726,-0.1108615323901176,0.592017412185669,0.5050585269927979,-0.124854564666748,0.5312263369560242,0.464015930891037,-0.1344773769378662,0.7774688005447388,0.7217945456504822,-0.0971368551254272,0.6361907720565796,0.7125729322433472,-0.1322223544120788,0.6687757968902588,0.7461012005805969,-0.1262274533510208,0.7153123021125793,0.7596898674964905,-0.1146064475178718,0.7595726251602173,0.8127346038818359,-0.1155452132225036,0.6491668224334717,0.8052641153335571,-0.1405083090066909,0.6776509881019592,0.8250651359558105,-0.1284711807966232,0.7232131361961365,0.828606128692627,-0.113727256655693
0.9183187484741212,0.9125455617904664,5.287404292175779e-07,0.8860721588134766,0.7784515023231506,0.0028315796516835,0.8161234259605408,0.6781797409057617,-0.0169122759252786,0.7415809631347656,0.6483588814735413,-0.0412128083407878,0.6863176822662354,0.6614574193954468,-0.0696777254343032,0.8096506595611572,0.6121649146080017,-0.0586273521184921,0.7311023473739624,0.5005733370780945,-0.0974589213728904,0.6814446449279785,0.4259305000305176,-0.1180741563439369,0.641029417514801,0.3631629943847656,-0.1299979090690612,0.8037446141242981,0.6719006299972534,-0.0829217210412025,0.6811496019363403,0.5880167484283447,-0.1218121573328971,0.6065157055854797,0.5356137752532959,-0.1364819556474685,0.546396017074585,0.4924421012401581,-0.1452059894800186,0.7934958934783936,0.7559404373168945,-0.103351280093193,0.6421338319778442,0.7588872313499451,-0.143384963274002,0.6662707924842834,0.7935329079627991,-0.1385235637426376,0.7101508378982544,0.8035656809806824,-0.1258694678544998,0.7814554572105408,0.8465776443481445,-0.1221078261733055,0.6580106019973755,0.8451511859893799,-0.1481306403875351,0.6822889447212219,0.8621940612792969,-0.1358553767204284,0.7288740277290344,0.8610706329345703,-0.1204882785677909
0.9166703224182128,0.9166651368141174,5.807733600704523e-07,0.882775604724884,0.7871858477592468,0.0060455217026174,0.8149356245994568,0.6848918199539185,-0.0111614540219306,0.7408783435821533,0.6471952199935913,-0.0331684835255146,0.6843916177749634,0.6546640992164612,-0.0588217824697494,0.8085055947303772,0.6183381080627441,-0.0507447719573974,0.7306898236274719,0.5057992339134216,-0.0890382826328277,0.6802259087562561,0.4305789768695831,-0.1103099808096885,0.6394736766815186,0.370427131652832,-0.1222881600260734,0.8025847673416138,0.6727886199951172,-0.0748071298003196,0.6800196170806885,0.5866048336029053,-0.1118453443050384,0.606107234954834,0.5372079610824585,-0.1258192509412765,0.5463260412216187,0.4964255094528198,-0.1334604173898697,0.7918657064437866,0.7529911994934082,-0.0950120836496353,0.642252504825592,0.7587684392929077,-0.1330432295799255,0.6653890609741211,0.7977972626686096,-0.1264132857322693,0.7081377506256104,0.8097286224365234,-0.1122172847390174,0.7780396342277527,0.8422765731811523,-0.1135168746113777,0.6615061163902283,0.8504983186721802,-0.1395474821329116,0.6859785914421082,0.8705849647521973,-0.127705231308937,0.7298961281776428,0.8698371648788452,-0.1120267733931541
0.914730668067932,0.9162679314613342,5.922806849412154e-07,0.8760550022125244,0.7891024351119995,0.0054614949040114,0.8072490096092224,0.6881754994392395,-0.0120613723993301,0.7333396077156067,0.6495771408081055,-0.0341508314013481,0.6785508990287781,0.6524405479431152,-0.059813380241394,0.802567720413208,0.619542121887207,-0.0534989535808563,0.7257302403450012,0.5095658898353577,-0.0914108827710151,0.6765003204345703,0.4355765283107757,-0.1120579317212104,0.6368331909179688,0.3755941689014435,-0.1235575824975967,0.801055371761322,0.6750265955924988,-0.0770270004868507,0.6826397180557251,0.5912567973136902,-0.1145651414990425,0.6079983711242676,0.5402312278747559,-0.1295104324817657,0.547619640827179,0.4994013905525207,-0.1379698067903518,0.7933436036109924,0.7566735148429871,-0.0963665246963501,0.6431662440299988,0.7664374113082886,-0.1335987746715545,0.6612064242362976,0.804969847202301,-0.1272937059402465,0.7017135620117188,0.8178090453147888,-0.1134573295712471,0.7812323570251465,0.8469932079315186,-0.1140239536762237,0.6599153280258179,0.8549948930740356,-0.1387408226728439,0.6799325942993164,0.8727486729621887,-0.1269219070672989,0.7233489751815796,0.8718791007995605,-0.1113988235592842
0.8951738476753235,0.9220715761184692,6.37497691968747e-07,0.8500170707702637,0.7999979853630066,0.0069392495788633,0.7874367237091064,0.6963210105895996,-0.0096408780664205,0.7194383144378662,0.6535112857818604,-0.0305694192647933,0.6738408803939819,0.6449554562568665,-0.0541933104395866,0.7887035608291626,0.6236164569854736,-0.0541901402175426,0.7161607146263123,0.5075586438179016,-0.0904084295034408,0.6716784238815308,0.4329877495765686,-0.108482725918293,0.6373268961906433,0.3728841245174408,-0.1180795729160308,0.7977381348609924,0.6735276579856873,-0.0775522291660308,0.6907134652137756,0.5894439220428467,-0.1167851686477661,0.6175202131271362,0.5415103435516357,-0.1311697214841842,0.5602461099624634,0.5046063661575317,-0.1383207738399505,0.7944667935371399,0.753574013710022,-0.0963907390832901,0.636771559715271,0.765073835849762,-0.13261678814888,0.6364492774009705,0.8124940395355225,-0.1242204383015632,0.6680163145065308,0.8319337964057922,-0.108989730477333,0.7822262644767761,0.8444569706916809,-0.1135938614606857,0.6518260836601257,0.86067795753479,-0.1366700381040573,0.6555089354515076,0.8773598670959473,-0.1248608529567718,0.6911572217941284,0.873535692691803,-0.109418973326683
0.8120571970939636,0.7213795185089111,4.876169441558886e-07,0.7465113997459412,0.5915435552597046,0.0038569113239645,0.6833307147026062,0.4887792766094208,-0.0211740527302026,0.6151846051216125,0.4675332009792328,-0.0505564957857131,0.5662014484405518,0.4968876838684082,-0.0822293385863304,0.7196775674819946,0.3951268494129181,-0.0769106745719909,0.658729612827301,0.3083193600177765,-0.1296856999397277,0.6165499687194824,0.2434901595115661,-0.1691046804189682,0.5799635648727417,0.1870067715644836,-0.1993880420923233,0.7520585060119629,0.4584522545337677,-0.1060341745615005,0.6630204319953918,0.3681444525718689,-0.1637159883975982,0.5897644758224487,0.3038549125194549,-0.1980648785829544,0.5329570770263672,0.2572565078735351,-0.2256055325269699,0.7604513168334961,0.5443806648254395,-0.129427894949913,0.6015390753746033,0.5395426154136658,-0.1587385386228561,0.6095606684684753,0.5891757011413574,-0.1357132643461227,0.6529736518859863,0.6011839509010315,-0.1196933761239051,0.7579654455184937,0.6311394572257996,-0.1540444642305374,0.615365207195282,0.6356815695762634,-0.1684982031583786,0.6284425258636475,0.6614298820495605,-0.1465439349412918,0.6760925650596619,0.6595155596733093,-0.1303228735923767
0.8220921754837036,0.7559633255004883,4.488461797791388e-07,0.7608695030212402,0.6264014840126038,0.0012640013592317,0.6925362944602966,0.5238393545150757,-0.0234358217567205,0.6235774159431458,0.5027636289596558,-0.0528162866830825,0.5790495872497559,0.5221859812736511,-0.0854358673095703,0.729487955570221,0.435774564743042,-0.0708438977599144,0.6638827323913574,0.3488835990428924,-0.118578590452671,0.6206923723220825,0.2863109409809112,-0.1517400443553924,0.5798110365867615,0.233818769454956,-0.1765211522579193,0.7550331950187683,0.4975632131099701,-0.100553348660469,0.6595447659492493,0.416013091802597,-0.1514676064252853,0.5869044661521912,0.3589294850826263,-0.1789368987083435,0.5268831849098206,0.3204747438430786,-0.2003612518310547,0.7611218690872192,0.5881780982017517,-0.1258465498685836,0.6018503904342651,0.5917351245880127,-0.1579880714416504,0.6192069053649902,0.6358356475830078,-0.1404149234294891,0.662792980670929,0.6457726359367371,-0.1262030452489853,0.7585482001304626,0.6856455206871033,-0.1519091576337814,0.6185616254806519,0.6929847598075867,-0.1712530851364135,0.6382687091827393,0.7115520238876343,-0.152394950389862,0.6876183152198792,0.7060882449150085,-0.1370833218097686
0.8250626921653748,0.7573294043540955,4.666178199386195e-07,0.7662824392318726,0.6268286108970642,0.0027714017778635,0.6981441974639893,0.5254414677619934,-0.0226977132260799,0.6292200088500977,0.5073114037513733,-0.0533780269324779,0.5866560935974121,0.5302157998085022,-0.087523378431797,0.7320937514305115,0.4405404925346374,-0.0715400576591491,0.6659767627716064,0.3497130870819092,-0.1186432018876075,0.6212326884269714,0.2867178916931152,-0.1499103605747223,0.5796257257461548,0.2341962158679962,-0.1732305437326431,0.7571035027503967,0.5024811029434204,-0.1025940775871276,0.6610198020935059,0.4178929924964905,-0.1546668410301208,0.5862817168235779,0.3616787195205688,-0.1811108738183975,0.5249386429786682,0.3243686556816101,-0.2011410295963287,0.76304692029953,0.5929869413375854,-0.1289863288402557,0.6019833087921143,0.5955039262771606,-0.1628395915031433,0.6195042133331299,0.6412193179130554,-0.1450661718845367,0.6635295748710632,0.6518700122833252,-0.1299618482589721,0.760278046131134,0.6895204782485962,-0.1558141112327575,0.6185632348060608,0.6960918307304382,-0.1756530255079269,0.6379798650741577,0.7157357335090637,-0.1562425196170807,0.6875650882720947,0.7110931277275085,-0.1402721107006073
0.8319019079208374,0.7669399976730347,4.66627227524441e-07,0.7748067378997803,0.633946418762207,0.0002110412460751,0.6972724795341492,0.5286006331443787,-0.0267036221921443,0.6171196103096008,0.5144692063331604,-0.0580213032662868,0.570457935333252,0.5486127734184265,-0.0934019237756729,0.7343789339065552,0.452587366104126,-0.076043352484703,0.6605111956596375,0.3675861358642578,-0.1216214224696159,0.6126523613929749,0.3090311288833618,-0.1509584039449691,0.5695844292640686,0.2600513100624084,-0.1732721477746963,0.7574232220649719,0.5187913179397583,-0.1058159992098808,0.6561479568481445,0.4400560259819031,-0.1565335392951965,0.5776095390319824,0.3876593708992004,-0.1818138808012008,0.5146109461784363,0.3546904325485229,-0.2016523331403732,0.7612509727478027,0.6141449213027954,-0.1308019161224365,0.5983644127845764,0.6168272495269775,-0.1639453470706939,0.6193617582321167,0.6581417918205261,-0.1469714492559433,0.665709912776947,0.6676103472709656,-0.1329414397478103,0.7567824125289917,0.7132676243782043,-0.1561195999383926,0.6145181655883789,0.7183722257614136,-0.1765903085470199,0.6369077563285828,0.7327003479003906,-0.1587921530008316,0.6882777810096741,0.7259711027145386,-0.1443002969026565
0.8313596248626709,0.7748038172721863,4.260441812675708e-07,0.7763803601264954,0.6404000520706177,0.0002455857757013,0.7057830691337585,0.5292730331420898,-0.0246735792607069,0.6324043273925781,0.4969061315059662,-0.0534816309809684,0.5884261727333069,0.5082216858863831,-0.0860564187169075,0.7337661981582642,0.4571875929832458,-0.0738245844841003,0.659355640411377,0.3721139132976532,-0.120208092033863,0.6111001968383789,0.3117251098155975,-0.1501042395830154,0.5675276517868042,0.2625160217285156,-0.1720919758081436,0.7555488348007202,0.5220268368721008,-0.1021806001663208,0.6527835130691528,0.4445400536060333,-0.1518009454011917,0.5749761462211609,0.3924704194068908,-0.1758139282464981,0.5114765763282776,0.3594890236854553,-0.1943250596523285,0.7589367628097534,0.6172772645950317,-0.1260927766561508,0.5973355770111084,0.6203622817993164,-0.1600553542375564,0.619064450263977,0.6606837511062622,-0.1432114243507385,0.664700984954834,0.6697816848754883,-0.1286806911230087,0.7539983987808228,0.716946005821228,-0.1502210944890976,0.6144822239875793,0.7213752865791321,-0.1723489910364151,0.6369554400444031,0.7368316650390625,-0.1549450159072876,0.687008261680603,0.730965256690979,-0.1397844105958938
0.8334792852401733,0.7747406959533691,3.848622611712927e-07,0.7708942294120789,0.6425768733024597,-0.0007839276804588,0.6994368433952332,0.5289629101753235,-0.0253403093665838,0.6293684840202332,0.486563116312027,-0.053740058094263,0.5870742797851562,0.4822312593460083,-0.0852276086807251,0.737097442150116,0.4556182622909546,-0.0744369849562645,0.6626154780387878,0.3696826696395874,-0.1206312105059623,0.6151851415634155,0.3081155717372894,-0.1500910967588424,0.5712648034095764,0.2593629062175751,-0.1722757369279861,0.7602867484092712,0.5195649862289429,-0.1032083556056022,0.656096339225769,0.4450032413005829,-0.1554356515407562,0.5781452655792236,0.393556535243988,-0.1814701557159423,0.514453113079071,0.3629503846168518,-0.2014552354812622,0.7637699246406555,0.6156982779502869,-0.1274487823247909,0.6003811359405518,0.6199337840080261,-0.1631346195936203,0.6245012879371643,0.6593974828720093,-0.1446196883916854,0.6709487438201904,0.6676192879676819,-0.1290705353021621,0.7590250372886658,0.7170385122299194,-0.1521325856447219,0.6168047785758972,0.7224251627922058,-0.176505908370018,0.6409956216812134,0.7370964288711548,-0.1588684618473053,0.6923072338104248,0.7313798666000366,-0.1433075070381164
0.8319414854049683,0.7686541676521301,4.566836935282481e-07,0.774320125579834,0.6369238495826721,0.0027753603644669,0.699680745601654,0.535749614238739,-0.0231536068022251,0.6234521269798279,0.5254655480384827,-0.0541858673095703,0.581451952457428,0.5569087266921997,-0.0887308195233345,0.7362616658210754,0.4507803618907928,-0.0705985873937606,0.6611297130584717,0.3637946844100952,-0.1154940351843833,0.6134750843048096,0.3043559789657593,-0.1454345285892486,0.5697118043899536,0.2549866437911987,-0.1682733297348022,0.7589762806892395,0.5154808759689331,-0.1012438386678695,0.6581875085830688,0.4347815811634063,-0.1508751064538955,0.5798998475074768,0.3816879093647003,-0.1773512661457061,0.5161752700805664,0.3490234613418579,-0.198070615530014,0.7622668743133545,0.6093103885650635,-0.1269890516996383,0.600693941116333,0.614327073097229,-0.1588441878557205,0.6230793595314026,0.6564722061157227,-0.1424854099750518,0.6690461039543152,0.6665143966674805,-0.1290159076452255,0.7570308446884155,0.7071848511695862,-0.1529970020055771,0.6175499558448792,0.7140040397644043,-0.1725997179746627,0.6415536999702454,0.7298681139945984,-0.1545217037200927,0.692513644695282,0.7236226201057434,-0.1397429406642913
0.8335064649581909,0.7683259844779968,3.86085844183981e-07,0.772569477558136,0.6370615363121033,-0.0002327168913325,0.7043888568878174,0.5290084481239319,-0.0241451747715473,0.6364011168479919,0.4968857169151306,-0.0522496365010738,0.5961326360702515,0.5065111517906189,-0.0835727155208587,0.7399049997329712,0.4482488334178924,-0.0684650167822837,0.6699143648147583,0.3592709004878998,-0.1131628677248954,0.6228851675987244,0.2983680963516235,-0.1419444531202316,0.5800677537918091,0.2488603889942169,-0.1630564630031585,0.7627630829811096,0.5091705918312073,-0.0964108929038047,0.6621605157852173,0.4320333302021026,-0.1457609087228775,0.5831575989723206,0.382094532251358,-0.1701446175575256,0.5188458561897278,0.3512377142906189,-0.1881216317415237,0.7673685550689697,0.6007509827613831,-0.1202588602900505,0.6091271042823792,0.6104423403739929,-0.1546148657798767,0.6290808320045471,0.649792492389679,-0.1394236236810684,0.6730643510818481,0.658696174621582,-0.1253809928894043,0.763164222240448,0.6987638473510742,-0.1445416063070297,0.6253156661987305,0.706011176109314,-0.1663585305213928,0.6468644142150879,0.7225012183189392,-0.1492452025413513,0.6964861154556274,0.7179151177406311,-0.1340585649013519
0.8421211242675781,0.7613857388496399,3.993374662059068e-07,0.775134801864624,0.6326972246170044,-0.0012049010256305,0.715426504611969,0.5238879919052124,-0.0241795144975185,0.6581505537033081,0.4807355999946594,-0.0515218339860439,0.6182523965835571,0.4774700999259949,-0.081176184117794,0.7596602439880371,0.4326851963996887,-0.0671880841255188,0.7025489807128906,0.3456022143363952,-0.1161994636058807,0.662647008895874,0.2797246873378753,-0.1495169401168823,0.6247081160545349,0.2235518395900726,-0.1738192737102508,0.7867028713226318,0.4899330735206604,-0.0958535745739936,0.696820855140686,0.4116054773330688,-0.1491781175136566,0.6235236525535583,0.3502092957496643,-0.1766764521598816,0.5632948875427246,0.3047446012496948,-0.1967162489891052,0.7953416109085083,0.5766617655754089,-0.1211584731936454,0.6365700364112854,0.5803609490394592,-0.1582720130681991,0.6417986750602722,0.6295993328094482,-0.1423171609640121,0.6793030500411987,0.6433592438697815,-0.1273884624242782,0.7944324016571045,0.6741014122962952,-0.1476912200450897,0.653393030166626,0.6839327216148376,-0.1721376627683639,0.6640607714653015,0.7049926519393921,-0.156479001045227,0.7109577655792236,0.7016120553016663,-0.1419208496809005
0.8457075953483582,0.7353957891464233,5.094530024507549e-07,0.778704822063446,0.6146296262741089,-0.0036818736698478,0.7226946949958801,0.5112648010253906,-0.0316699557006359,0.6642643809318542,0.4837055504322052,-0.0644756332039833,0.626895010471344,0.5047131776809692,-0.0997982621192932,0.7747505903244019,0.4214920699596405,-0.0731037184596061,0.7202808856964111,0.321124255657196,-0.1228169500827789,0.6819673180580139,0.2536909878253937,-0.1534020006656646,0.6464682817459106,0.1960375010967254,-0.1755185574293136,0.8012070655822754,0.4749825596809387,-0.1029015183448791,0.7238718867301941,0.38200843334198,-0.1638328731060028,0.6506665349006653,0.3169429898262024,-0.1925718188285827,0.5914400219917297,0.2701948881149292,-0.2105890810489654,0.8085900545120239,0.5561609864234924,-0.1290958672761917,0.6572110652923584,0.5507646799087524,-0.1706267893314361,0.6524426341056824,0.6029717922210693,-0.1532525271177292,0.682758629322052,0.6181175708770752,-0.134998083114624,0.8061057925224304,0.6461204290390015,-0.1566722691059112,0.6692071557044983,0.6480344533920288,-0.177398607134819,0.6717979311943054,0.671826183795929,-0.1575566679239273,0.7117869257926941,0.6719422340393066,-0.1402435004711151
0.8469804525375366,0.7361127734184265,4.955007852913695e-07,0.776475191116333,0.6207956075668335,-0.0040080095641314,0.7226807475090027,0.5197933912277222,-0.0301283914595842,0.6666727662086487,0.492858350276947,-0.0611883364617824,0.6299567222595215,0.5145534873008728,-0.0949137210845947,0.7756659388542175,0.4207305312156677,-0.0672502145171165,0.7219588160514832,0.3212136030197143,-0.1138973534107208,0.6844923496246338,0.2531774640083313,-0.1437391936779022,0.6507991552352905,0.1955579221248626,-0.1657430082559585,0.8031570315361023,0.4715681672096252,-0.0961166694760322,0.7238761782646179,0.3782528042793274,-0.1521297991275787,0.6525330543518066,0.3147660493850708,-0.1799573749303817,0.5949126482009888,0.2679480910301208,-0.1981138736009597,0.8118486404418945,0.5511130094528198,-0.1218573227524757,0.6596987247467041,0.547888457775116,-0.1612603962421417,0.6551163792610168,0.6012943983078003,-0.1462614685297012,0.6853832006454468,0.6179078221321106,-0.1301165223121643,0.8093394041061401,0.6408218741416931,-0.1490680426359176,0.6725412011146545,0.6456378102302551,-0.169901430606842,0.6754367351531982,0.6715953350067139,-0.1519341170787811,0.7152472734451294,0.6734907031059265,-0.1361097246408462
0.8558377027511597,0.7572849988937378,4.8640634986441e-07,0.7931936979293823,0.6301036477088928,-0.0074913338758051,0.7241975665092468,0.5278804302215576,-0.0387145057320594,0.6515001058578491,0.5147076845169067,-0.072962611913681,0.6030457019805908,0.5522279143333435,-0.1108085811138153,0.7855578064918518,0.4508363902568817,-0.0879995450377464,0.727256178855896,0.3568422198295593,-0.1385581940412521,0.6877286434173584,0.2913116812705993,-0.1711412519216537,0.651583194732666,0.2342192530632019,-0.1960286051034927,0.8111042976379395,0.5103706121444702,-0.1159135326743125,0.727778434753418,0.4231769740581512,-0.1722399741411209,0.6542645692825317,0.3603852093219757,-0.1997318714857101,0.5946678519248962,0.3160507082939148,-0.2208535820245742,0.8152081966400146,0.5971395969390869,-0.1397786289453506,0.6609938740730286,0.5894823670387268,-0.1753240823745727,0.6674432754516602,0.6335600018501282,-0.1576789617538452,0.706055760383606,0.6464385986328125,-0.1433517336845398,0.809937596321106,0.6898584365844727,-0.1651956588029861,0.6683186888694763,0.6866439580917358,-0.1858112961053848,0.6792423725128174,0.7055543065071106,-0.1681802868843078,0.7249650359153748,0.7060679793357849,-0.1545768976211547
0.8625161647796631,0.7620875239372253,4.971752787241712e-07,0.7991739511489868,0.6360170841217041,-0.0078749284148216,0.7367561459541321,0.5338001251220703,-0.0390038155019283,0.6671085357666016,0.5145357251167297,-0.0730912163853645,0.6210225224494934,0.5502787828445435,-0.1100250706076622,0.7904893159866333,0.4505050778388977,-0.089149110019207,0.7313174605369568,0.3609699606895447,-0.1431458890438079,0.6918241381645203,0.2953711748123169,-0.179317757487297,0.6555148959159851,0.2386502623558044,-0.2069369852542877,0.817797839641571,0.5114588737487793,-0.1170666515827179,0.7356844544410706,0.427521288394928,-0.1784371733665466,0.660686731338501,0.3631243109703064,-0.2104618549346923,0.6010110378265381,0.3179203867912292,-0.2348852902650833,0.8224395513534546,0.5993657112121582,-0.1408757120370865,0.6673284769058228,0.5909122228622437,-0.1780508607625961,0.6661465167999268,0.639707088470459,-0.1588840633630752,0.7012373805046082,0.6543098092079163,-0.1435129642486572,0.8174824714660645,0.6910656690597534,-0.1666506230831146,0.6760546565055847,0.6899225115776062,-0.1870027780532837,0.6813703179359436,0.7105281352996826,-0.16900235414505,0.7232537865638733,0.7094124555587769,-0.1552573144435882
0.8599350452423096,0.757587194442749,5.064759420747578e-07,0.7966455817222595,0.6272155046463013,-0.0061281006783246,0.724588930606842,0.5230515599250793,-0.0379002355039119,0.651619553565979,0.5116482973098755,-0.0729487165808677,0.6041752099990845,0.5531125068664551,-0.1116808429360389,0.7881895899772644,0.4524487555027008,-0.0891337171196937,0.7282251715660095,0.3573560714721679,-0.1391682028770446,0.6891651153564453,0.2925477623939514,-0.1706810891628265,0.6532642245292664,0.2362159788608551,-0.1948227882385254,0.8127995729446411,0.5143502354621887,-0.1176667064428329,0.7292864918708801,0.427127480506897,-0.1749259382486343,0.6537777781486511,0.3633182346820831,-0.2021556943655014,0.5922039747238159,0.3188922107219696,-0.2227580994367599,0.8159582018852234,0.6025627851486206,-0.1417226642370224,0.6622255444526672,0.5912479758262634,-0.1772280186414718,0.6685908436775208,0.6358346343040466,-0.1586960107088089,0.7069792151451111,0.6501572132110596,-0.1434187591075897,0.8103936314582825,0.6951438784599304,-0.1671385616064071,0.6699499487876892,0.6886768341064453,-0.1870222687721252,0.6799312233924866,0.7064559459686279,-0.1689331829547882,0.7251114249229431,0.7069420218467712,-0.1548929512500763
0.8674907684326172,0.8737123012542725,3.507899180021923e-07,0.8054496049880981,0.7473114728927612,-0.0008938503451645,0.7386941909790039,0.6395909190177917,-0.0250991787761449,0.675377607345581,0.6059460639953613,-0.0536843687295913,0.6360845565795898,0.6048763394355774,-0.085718497633934,0.7865623235702515,0.5515978932380676,-0.0683758184313774,0.7253729701042175,0.4571348428726196,-0.1125233843922615,0.6815248131752014,0.3953240513801574,-0.1393115818500518,0.6419665217399597,0.3429143130779266,-0.1581522673368454,0.8097096681594849,0.6127579808235168,-0.0977687463164329,0.7175455093383789,0.5292617678642273,-0.1474066376686096,0.6419327855110168,0.4786880612373352,-0.1690937578678131,0.5806552171707153,0.4438851773738861,-0.1833005398511886,0.8149548172950745,0.7035358548164368,-0.123608574271202,0.6528326272964478,0.7016809582710266,-0.1634172946214676,0.6576032638549805,0.7486560344696045,-0.1516750454902649,0.6946067214012146,0.7650905847549438,-0.137571319937706,0.8084110021591187,0.8046513199806213,-0.1494736671447754,0.663750171661377,0.8055341839790344,-0.1759364753961563,0.6771552562713623,0.8241738080978394,-0.1610377132892608,0.7277176976203918,0.8234295845031738,-0.1460351198911667
0.8706442713737488,0.8785210251808167,3.532790628923977e-07,0.8133280277252197,0.7474668622016907,0.0017126717139035,0.7477774620056152,0.646050214767456,-0.0242918953299522,0.6801866888999939,0.6265808939933777,-0.0556950382888317,0.6426302194595337,0.6400949954986572,-0.0904939323663711,0.7941544651985168,0.5518164038658142,-0.0688413307070732,0.7313219904899597,0.4577537775039673,-0.1135057359933853,0.6880618929862976,0.3951519429683685,-0.1420488357543945,0.6492166519165039,0.3411072790622711,-0.1633008420467376,0.8170043230056763,0.6156800985336304,-0.1003794819116592,0.720525860786438,0.5321795344352722,-0.1510880440473556,0.6425783634185791,0.4788330793380737,-0.1761735677719116,0.5813274383544922,0.4398891627788543,-0.1944491863250732,0.8208853602409363,0.7067363262176514,-0.1276813894510269,0.6585369110107422,0.6965832710266113,-0.1646319925785064,0.664208710193634,0.7448845505714417,-0.1507631689310073,0.7024484276771545,0.7613881230354309,-0.1371012032032013,0.8134377002716064,0.8054413795471191,-0.1551960855722427,0.6684648990631104,0.8042789101600647,-0.17879718542099,0.6836535334587097,0.8230910301208496,-0.1622451990842819,0.735040545463562,0.8213765025138855,-0.1472907662391662
0.9222899675369264,0.559718668460846,4.968484859091404e-07,0.8865079283714294,0.4784648418426513,0.001768751302734,0.8229963779449463,0.4524181485176086,-0.00291189388372,0.7759329676628113,0.4762706458568573,-0.0081958696246147,0.7486619353294373,0.5198506116867065,-0.0145816961303353,0.7954691052436829,0.4182194471359253,-0.0261694639921188,0.7227078676223755,0.3876595497131347,-0.0410895384848117,0.679410457611084,0.3680478930473327,-0.0469463542103767,0.6449604630470276,0.3526951968669891,-0.0486338473856449,0.794058084487915,0.477886289358139,-0.0335876122117042,0.7114289402961731,0.5040021538734436,-0.0489438995718956,0.659490168094635,0.5229532122612,-0.0539045557379722,0.6199584603309631,0.5374704599380493,-0.0560812056064605,0.7996293306350708,0.5493817925453186,-0.0383363030850887,0.7424708008766174,0.59824138879776,-0.0538816899061203,0.7653689980506897,0.5982780456542969,-0.0475008971989154,0.7895482778549194,0.5897715091705322,-0.0377657189965248,0.8089960813522339,0.6208586096763611,-0.0421312935650348,0.7614089250564575,0.6496871709823608,-0.0507470481097698,0.7812339067459106,0.6452763080596924,-0.0400268286466598,0.8019763231277466,0.633801281452179,-0.0282194279134273
0.9061927795410156,0.640843391418457,5.120256787449762e-07,0.8586078882217407,0.6240831613540649,-0.0269314628094434,0.828419029712677,0.5504236221313477,-0.0395075567066669,0.8465955257415771,0.459810346364975,-0.0518622286617755,0.8697466850280762,0.3979025483131408,-0.0624846518039703,0.786645233631134,0.4437283277511596,-0.0203774496912956,0.741612434387207,0.3695224523544311,-0.0402672216296196,0.7155420184135437,0.317481130361557,-0.0517943613231182,0.6940204501152039,0.2725574672222137,-0.0580507852137088,0.824533998966217,0.4131606817245483,-0.0228606052696704,0.80461585521698,0.2973978519439697,-0.0444904528558254,0.7949624061584473,0.2215016186237335,-0.0554425492882728,0.788551926612854,0.1599046885967254,-0.0580547451972961,0.8657724857330322,0.4152742922306061,-0.0291448161005973,0.8704198598861694,0.3874751329421997,-0.0630663558840751,0.8744245767593384,0.4683662056922912,-0.0666659325361251,0.8765674233436584,0.518506646156311,-0.056991521269083,0.9054452180862428,0.4373675584793091,-0.0373282060027122,0.904682755470276,0.4064805805683136,-0.0606724768877029,0.9022293090820312,0.4705994427204132,-0.0558293312788009,0.8998762965202332,0.5181714296340942,-0.0450756289064884
0.7935918569564819,0.5459902882575989,5.783798542324803e-07,0.7524417042732239,0.5585398077964783,-0.0239917263388633,0.7154749631881714,0.5059707760810852,-0.0383867435157299,0.7177577614784241,0.4211851358413696,-0.0524374581873416,0.7271893620491028,0.3578854501247406,-0.0651232749223709,0.6712855696678162,0.4247358739376068,-0.0287380348891019,0.6220372915267944,0.3656832873821258,-0.0511344224214553,0.5917779207229614,0.3227220475673675,-0.0642106160521507,0.5663706064224243,0.2843022346496582,-0.0722209587693214,0.7023698091506958,0.3818996250629425,-0.033045969903469,0.66988205909729,0.278069257736206,-0.0572959929704666,0.6530274152755737,0.2089455723762512,-0.0695374831557273,0.6381916403770447,0.1471894532442093,-0.073698952794075,0.7412201762199402,0.3680322766304016,-0.0396315082907676,0.7329947352409363,0.3371232450008392,-0.0731006264686584,0.7451843023300171,0.4141126573085785,-0.0722561553120613,0.7544147968292236,0.4647365510463714,-0.0607962571084499,0.780632734298706,0.3752844333648681,-0.0478307195007801,0.7684295773506165,0.3457365930080414,-0.0724710747599601,0.7707111239433289,0.4026008248329162,-0.0655927434563636,0.7732670307159424,0.4484294652938843,-0.0533004812896251
0.16932258009910583,0.5989550352096558,4.6441144263553724e-07,0.19019858539104462,0.5061542391777039,0.015439724549651146,0.23061619699001312,0.45333462953567505,0.010094180703163147,0.27330145239830017,0.43348437547683716,0.00017779994232114404,0.3063700795173645,0.4371768534183502,-0.008325458504259586,0.24590471386909485,0.3960156738758087,-0.019976971670985222,0.2942366600036621,0.3172804117202759,-0.04238731786608696,0.32334578037261963,0.2617948651313782,-0.05666849762201309,0.3464253842830658,0.21763122081756592,-0.06514624506235123,0.257633239030838,0.43595021963119507,-0.036811694502830505,0.3333475589752197,0.39416608214378357,-0.06281506270170212,0.38095006346702576,0.3715018630027771,-0.07496634870767593,0.41543757915496826,0.3534461259841919,-0.08031105250120163,0.2680818736553192,0.49427086114883423,-0.04937973618507385,0.3333706557750702,0.5051901340484619,-0.06102920323610306,0.3197699189186096,0.5237759947776794,-0.0438075065612793,0.298103004693985,0.5267157554626465,-0.02712155692279339,0.27643096446990967,0.5603573322296143,-0.06171821430325508,0.33800309896469116,0.5618977546691895,-0.05871253088116646,0.3282388150691986,0.5735546350479126,-0.036475520581007004,0.3086034059524536,0.5742263793945312,-0.016893569380044937
