0.753004789352417,0.6282099485397339,7.093902922861162e-07,0.653372585773468,0.648453414440155,-0.0201425794512033,0.5725976824760437,0.628334641456604,-0.0602943152189254,0.5185434818267822,0.623551607131958,-0.1008942723274231,0.4589013755321502,0.6163901686668396,-0.1515378952026367,0.5474104285240173,0.5073662400245667,-0.1360029727220535,0.4635108113288879,0.4481678009033203,-0.207868218421936,0.4070410430431366,0.413459837436676,-0.2562283277511596,0.354701280593872,0.3856310844421386,-0.2941462993621826,0.6017179489135742,0.4813030958175659,-0.1739262044429779,0.5246641635894775,0.3897905945777893,-0.2534472346305847,0.4729438722133636,0.3329170942306518,-0.3107161819934845,0.4208505749702453,0.2776963114738464,-0.3555772006511688,0.6658758521080017,0.4816610515117645,-0.2096680551767349,0.6128643751144409,0.3817019760608673,-0.2965567409992218,0.562415361404419,0.3175848722457886,-0.3608138859272003,0.5152068138122559,0.2623240947723388,-0.4070603847503662,0.7355878949165344,0.5038248896598816,-0.2414111047983169,0.7210662364959717,0.4165301024913788,-0.3281401395797729,0.7098212838172913,0.350187599658966,-0.3792944550514221,0.6982443332672119,0.2902525067329407,-0.4175357818603515
0.7972112894058228,0.8397033214569092,7.142501203816209e-07,0.6974588632583618,0.839767575263977,-0.0276980586349964,0.6098609566688538,0.8072762489318848,-0.058796752244234,0.5461519956588745,0.7848510146141052,-0.0878647044301033,0.4813947081565857,0.7669769525527954,-0.1217226609587669,0.6190294623374939,0.7092913389205933,-0.1052871346473693,0.5452670454978943,0.6339854598045349,-0.1628929227590561,0.5019083023071289,0.5901801586151123,-0.2005340456962585,0.4587016701698303,0.5481568574905396,-0.229965940117836,0.6779248118400574,0.6856354475021362,-0.1286129802465438,0.6211707592010498,0.5985903739929199,-0.1918055564165115,0.5891059041023254,0.534224271774292,-0.2318740040063858,0.558255672454834,0.4707675874233246,-0.2614442408084869,0.7463623285293579,0.6894315481185913,-0.1518881022930145,0.7120106220245361,0.60929936170578,-0.2233424186706543,0.6894896626472473,0.5425235033035278,-0.2644592225551605,0.6639769673347473,0.4765586256980896,-0.2919408977031708,0.8170849680900574,0.712735116481781,-0.1735081672668457,0.8251594305038452,0.6479170918464661,-0.248230829834938,0.8310059309005737,0.5959182381629944,-0.283062219619751,0.8309522867202759,0.5412165522575378,-0.3056035041809082
0.8054988980293274,0.8589478731155396,7.883060106905759e-07,0.7051262855529785,0.849644660949707,-0.0309018995612859,0.6198378801345825,0.8162180781364441,-0.0688298791646957,0.5582458972930908,0.7988584637641907,-0.1041717752814292,0.4942351877689361,0.7845141291618347,-0.145493671298027,0.6281288266181946,0.7212598919868469,-0.1246482282876968,0.5579966306686401,0.6418137550354004,-0.19109408557415,0.5184222459793091,0.5947301387786865,-0.235955610871315,0.4782485961914062,0.547747790813446,-0.2705819010734558,0.6894441246986389,0.7022238373756409,-0.1498757451772689,0.6360611319541931,0.6116071939468384,-0.2236899435520172,0.6060145497322083,0.5483641624450684,-0.2715352475643158,0.575515627861023,0.4830377995967865,-0.3069533705711365,0.7587273716926575,0.710730254650116,-0.1741801351308822,0.7298930287361145,0.629702091217041,-0.2559382319450378,0.7095097303390503,0.5646824836730957,-0.3041612207889557,0.6860003471374512,0.5009983777999878,-0.3363350629806518,0.8299983739852905,0.738070011138916,-0.1963181346654892,0.8392472267150879,0.6765959858894348,-0.2788439393043518,0.8491653203964233,0.6253562569618225,-0.3179560303688049,0.8544015884399414,0.57309490442276,-0.3438923060894012
0.8520516753196716,0.8400405049324036,6.719652105857676e-07,0.7481992244720459,0.8233188390731812,-0.0428781025111675,0.6556991338729858,0.7689152956008911,-0.0757694169878959,0.5899524092674255,0.7239407300949097,-0.1045872420072555,0.5225391387939453,0.6900893449783325,-0.1373972743749618,0.6959008574485779,0.6978999972343445,-0.1084831431508064,0.6397855877876282,0.6131733655929565,-0.168252944946289,0.610771656036377,0.5644486546516418,-0.2076001763343811,0.5800957679748535,0.512548565864563,-0.2379971295595169,0.7632583379745483,0.6786088347434998,-0.1231576427817344,0.7278111577033997,0.584675669670105,-0.1881060451269149,0.7096933722496033,0.5191750526428223,-0.230809211730957,0.690552830696106,0.4498611092567444,-0.2629397213459015,0.833850622177124,0.6861563324928284,-0.1394357830286026,0.8201135396957397,0.6068065166473389,-0.2119708061218261,0.8115982413291931,0.5464662909507751,-0.2529060244560241,0.7990368604660034,0.4830697178840637,-0.2796652317047119,0.902671217918396,0.7159335613250732,-0.1557322144508361,0.9274228811264038,0.6516823768615723,-0.2270528972148895,0.9422788619995116,0.6003877520561218,-0.2611456215381622,0.951391577720642,0.5437207818031311,-0.2840510308742523
0.6348617076873779,0.825090765953064,7.698967010583146e-07,0.5334552526473999,0.8156757354736328,-0.0328338555991649,0.4453293085098266,0.7629213929176331,-0.0605382062494754,0.3819999396800995,0.7098603248596191,-0.0855093151330947,0.3213657140731811,0.6690495610237122,-0.1133987754583358,0.4542767703533172,0.6534845232963562,-0.084097184240818,0.3840931057929992,0.5562642812728882,-0.1346727609634399,0.3431552648544311,0.4951238930225372,-0.1676442623138427,0.3059918284416199,0.43569016456604,-0.1921363025903701,0.5103040933609009,0.6270792484283447,-0.1010409668087959,0.4527963995933532,0.5135592222213745,-0.1543715894222259,0.4185138940811157,0.4314622581005096,-0.1893786638975143,0.3879964351654053,0.3543422818183899,-0.2139669358730316,0.5764543414115906,0.6299208402633667,-0.1197613179683685,0.537053108215332,0.5175814628601074,-0.1783025860786438,0.510882556438446,0.4377277493476867,-0.2107348591089248,0.4812926948070526,0.3613312840461731,-0.2311267852783203,0.6455186605453491,0.6535671949386597,-0.1385263502597808,0.6419732570648193,0.5611870288848877,-0.1979130655527115,0.6391093730926514,0.4913952946662903,-0.2239884734153747,0.6310306191444397,0.4231138527393341,-0.239443227648735
0.6003025770187378,0.750989556312561,8.098692205749103e-07,0.5030791759490967,0.758635401725769,-0.0399485677480697,0.4155157804489136,0.72567218542099,-0.0768605321645736,0.3538562655448913,0.6874675154685974,-0.1095529273152351,0.2935754060745239,0.6523687839508057,-0.146591916680336,0.4101468920707702,0.5873756408691406,-0.1088557168841362,0.3369094729423523,0.498424232006073,-0.1698695868253708,0.2926812171936035,0.4388543963432312,-0.211333081126213,0.2527932822704315,0.381199836730957,-0.2421002984046936,0.4628163874149322,0.5559428334236145,-0.1271041482686996,0.3998574018478393,0.444365382194519,-0.1903752386569976,0.3592562973499298,0.3656591176986694,-0.2331227511167526,0.3208013772964477,0.2912468612194061,-0.2640618085861206,0.5256853103637695,0.5551897883415222,-0.1470208615064621,0.4773401319980621,0.4447762966156006,-0.2131866216659546,0.4413529932498932,0.3671861886978149,-0.2531150579452514,0.4045929908752441,0.2945921123027801,-0.2798436284065246,0.5928746461868286,0.5774314403533936,-0.1671906858682632,0.5792412757873535,0.485677033662796,-0.2329217046499252,0.5655230283737183,0.4156298637390136,-0.2652604877948761,0.5480847954750061,0.3471105396747589,-0.2864679396152496
0.728777289390564,0.8456718921661377,7.420662200274819e-07,0.6331275701522827,0.8522034287452698,-0.0296818539500236,0.5531753301620483,0.8293922543525696,-0.0632005929946899,0.4982165694236755,0.8195280432701111,-0.0952615737915039,0.4448540210723877,0.8134390711784363,-0.1323765069246292,0.5483477115631104,0.7112042307853699,-0.1020300835371017,0.4733969271183014,0.6335278153419495,-0.1591843962669372,0.4290467202663421,0.5849734544754028,-0.1975813060998916,0.3866220116615295,0.5380268096923828,-0.2267981767654419,0.6056735515594482,0.6848505735397339,-0.1245259642601013,0.5446737408638,0.5931594371795654,-0.1841765493154525,0.5103967785835266,0.5290758609771729,-0.222972497344017,0.4773374199867248,0.464637815952301,-0.2515192925930023,0.6715413331985474,0.6874502897262573,-0.1478161066770553,0.634125828742981,0.6021132469177246,-0.21396005153656,0.6071410179138184,0.5383203029632568,-0.2531659305095672,0.5767868161201477,0.4766134023666382,-0.2793922126293182,0.741060197353363,0.7099247574806213,-0.1703833788633346,0.742683470249176,0.6357612609863281,-0.2376235574483871,0.7449848055839539,0.5789541006088257,-0.2692220211029053,0.7413556575775146,0.5213313698768616,-0.2900076806545257
0.8319122195243835,0.9096912145614624,6.144412054709392e-07,0.7319793701171875,0.9114832878112792,-0.0357163660228252,0.6368808150291443,0.8700833320617676,-0.0692863538861274,0.5697537660598755,0.8450444340705872,-0.0990906655788421,0.500400722026825,0.8269232511520386,-0.1335729509592056,0.6650562286376953,0.7846689224243164,-0.1147131025791168,0.5964421033859253,0.7077606916427612,-0.1732620894908905,0.5608978271484375,0.6693634390830994,-0.2103713452816009,0.5223435163497925,0.6298800110816956,-0.2395778000354766,0.7288575768470764,0.760047972202301,-0.1336524784564972,0.6877240538597107,0.6787924766540527,-0.2010224461555481,0.6628715991973877,0.6297318935394287,-0.2403550148010254,0.6353926658630371,0.5779775381088257,-0.2686041891574859,0.7993922233581543,0.7632619738578796,-0.1525851935148239,0.7818350791931152,0.689853310585022,-0.2274171859025955,0.7704522609710693,0.6418553590774536,-0.2643793225288391,0.7502710223197937,0.5892049670219421,-0.2879401445388794,0.8722039461135864,0.7861988544464111,-0.1705290675163269,0.8933184742927551,0.7343150973320007,-0.2467241585254669,0.9077969789505004,0.6881712675094604,-0.2795842587947845,0.9146636724472046,0.6366285085678101,-0.3000428080558777
0.9072492718696594,0.7636855840682983,9.057543479684682e-07,0.7944191694259644,0.8111528754234314,-0.0397906824946403,0.716677725315094,0.8094644546508789,-0.1121689081192016,0.6742607355117798,0.7992634177207947,-0.1770355999469757,0.6348739862442017,0.7890653014183044,-0.2490793317556381,0.7230927348136902,0.7143809199333191,-0.2493379712104797,0.6498740315437317,0.7092350721359253,-0.3620572984218597,0.6037217974662781,0.6992072463035583,-0.4321895837783813,0.5616844892501831,0.6869046688079834,-0.4868893325328827,0.7832488417625427,0.6972156167030334,-0.2893074750900268,0.7444937825202942,0.6696310639381409,-0.44793501496315,0.708018958568573,0.6546975374221802,-0.5437849164009094,0.6708279848098755,0.63399738073349,-0.6156254410743713,0.854613184928894,0.6904118061065674,-0.3185621798038482,0.8429372906684875,0.6763607859611511,-0.4646523892879486,0.8109775185585022,0.6594676971435547,-0.5455010533332825,0.7805047631263733,0.6332259178161621,-0.6011838316917419,0.9245645403862,0.7013128995895386,-0.342164933681488,0.9394285082817078,0.7045397758483887,-0.4676795601844787,0.9583146572113036,0.7042675614356995,-0.532448410987854,0.9607728719711304,0.6912527084350586,-0.5816658139228821
0.8722968697547913,0.7366540431976318,9.31383226543403e-07,0.7780507802963257,0.7663859128952026,-0.0703667029738426,0.702727198600769,0.7594529986381531,-0.1473658680915832,0.6744788885116577,0.7203312516212463,-0.203053817152977,0.6454868316650391,0.6646503210067749,-0.2615002989768982,0.7129929065704346,0.6982868313789368,-0.2869152128696441,0.6566860675811768,0.6750523447990417,-0.3836503326892853,0.6187361478805542,0.6445095539093018,-0.4276700615882873,0.5806161165237427,0.6273166537284851,-0.4624856114387512,0.7715133428573608,0.6598319411277771,-0.2986609935760498,0.7401778101921082,0.6107164621353149,-0.4415878653526306,0.7053993940353394,0.582306981086731,-0.5217891335487366,0.6665836572647095,0.5580943822860718,-0.5819362998008728,0.837123453617096,0.6300545334815979,-0.299333244562149,0.8237808346748352,0.59107905626297,-0.4292846322059631,0.7911641597747803,0.5657901763916016,-0.5081818699836731,0.7557164430618286,0.5435855984687805,-0.5649210810661316,0.9076492190361024,0.6178916096687317,-0.2959344983100891,0.931090772151947,0.5886812210083008,-0.4149104654788971,0.9411511421203612,0.5710768699645996,-0.4870012998580932,0.9345875978469848,0.5513936281204224,-0.5416462421417236
0.8429125547409058,0.7401318550109863,6.637974934164959e-07,0.7466267347335815,0.7648804783821106,-0.0370866656303405,0.6609835028648376,0.7498490214347839,-0.0749346539378166,0.604594349861145,0.7504270076751709,-0.1088164746761322,0.5433310270309448,0.751307487487793,-0.1464560478925705,0.6736350059509277,0.6595279574394226,-0.1268536299467086,0.5971867442131042,0.602199375629425,-0.1880432814359665,0.5577788352966309,0.5789681077003479,-0.2280617356300354,0.5117210745811462,0.5591555237770081,-0.2597422301769256,0.7319244742393494,0.6319271922111511,-0.1470170468091964,0.691993236541748,0.56205815076828,-0.2163851410150528,0.661109447479248,0.5238011479377747,-0.2558298408985138,0.6221185326576233,0.4875566959381103,-0.286123126745224,0.7991824746131897,0.6264269351959229,-0.1667111665010452,0.7836419939994812,0.5685562491416931,-0.240609124302864,0.7640393376350403,0.5247464776039124,-0.2755821049213409,0.7351451516151428,0.4874922931194305,-0.2998359501361847,0.8692734241485596,0.639007568359375,-0.1862573027610778,0.8879705667495728,0.5926823616027832,-0.2581917941570282,0.8940317630767822,0.5468814969062805,-0.2867071628570556,0.8917680978775024,0.5018318891525269,-0.3064291775226593
0.7805452346801758,0.8268283605575562,5.41646898000181e-07,0.6850096583366394,0.8158334493637085,-0.038540206849575,0.5967353582382202,0.7623296976089478,-0.0623488686978817,0.5311497449874878,0.7115274667739868,-0.0828473195433616,0.4698645174503326,0.6731411814689636,-0.105128712952137,0.6288824677467346,0.6548715233802795,-0.0665571168065071,0.5753283500671387,0.569835901260376,-0.1092351377010345,0.5432207584381104,0.5185433626174927,-0.1380328834056854,0.5129926204681396,0.4628804922103882,-0.1609804779291153,0.6902251839637756,0.6225034594535828,-0.0778855755925178,0.6574742794036865,0.5240435004234314,-0.1224633529782295,0.6388514637947083,0.4538993835449219,-0.154678612947464,0.6182453632354736,0.3802854418754577,-0.1785051524639129,0.7553918361663818,0.6241273283958435,-0.0927265733480453,0.7429328560829163,0.5272111296653748,-0.1476479321718216,0.7349391579627991,0.459177017211914,-0.1775050908327102,0.7174627184867859,0.3851516246795654,-0.1957912594079971,0.8210569024085999,0.6500369906425476,-0.1085762307047844,0.842172384262085,0.5737170577049255,-0.163570687174797,0.854188084602356,0.5160583853721619,-0.187055766582489,0.8565205931663513,0.4524773359298706,-0.2012993544340133
0.7824375033378601,0.8308326601982117,5.558353564083518e-07,0.6819323301315308,0.8120235204696655,-0.0394399650394916,0.5978118181228638,0.7548101544380188,-0.0635840892791748,0.5369204878807068,0.6904804110527039,-0.0845954716205596,0.4772893190383911,0.6421453952789307,-0.1068264618515968,0.6304796934127808,0.631195604801178,-0.0575558133423328,0.583975613117218,0.5402473211288452,-0.0963846370577812,0.5555693507194519,0.4809838831424713,-0.1235468313097953,0.5321218371391296,0.4170628786087036,-0.1454195231199264,0.6964026689529419,0.5991606712341309,-0.0672980323433876,0.6666472554206848,0.4865429699420929,-0.1052828282117843,0.652464747428894,0.4095630347728729,-0.1346373260021209,0.6388785243034363,0.3304440379142761,-0.1575485318899154,0.7628418803215027,0.6019770503044128,-0.0814191028475761,0.7533904910087585,0.4911408126354217,-0.1297553926706314,0.7493451237678528,0.4145306348800659,-0.1582367420196533,0.7391532063484192,0.3345555365085602,-0.1767781227827072,0.8276584148406982,0.6293022632598877,-0.0971028804779052,0.8494130373001099,0.5450313091278076,-0.1459695994853973,0.8606129288673401,0.4801471829414367,-0.1685732007026672,0.8639196157455444,0.4106638729572296,-0.1829882264137268
0.7754219174385071,0.8333050012588501,6.441439950322092e-07,0.6773059964179993,0.8081667423248291,-0.0430163145065307,0.6017542481422424,0.7410983443260193,-0.0693884640932083,0.5436182022094727,0.6686821579933167,-0.0920227020978927,0.48513925075531,0.6186524033546448,-0.1158760115504264,0.6325268745422363,0.6082637906074524,-0.0552942045032978,0.5919760465621948,0.5086402893066406,-0.0932793021202087,0.5685225129127502,0.4433115124702453,-0.1209485679864883,0.5500683784484863,0.3764518201351166,-0.142575204372406,0.6987228989601135,0.5761277675628662,-0.0623621866106987,0.6735836863517761,0.452327698469162,-0.0982960239052772,0.6623424291610718,0.3689979314804077,-0.1277014315128326,0.6524102687835693,0.2871958315372467,-0.1503446400165558,0.7648649215698242,0.5800940990447998,-0.0742617920041084,0.7574908137321472,0.4578139185905456,-0.1181364208459854,0.7559501528739929,0.3758586645126343,-0.1456970572471618,0.7490127086639404,0.2958306074142456,-0.1638263463973999,0.8282622694969177,0.6092145442962646,-0.0882139131426811,0.8485091924667358,0.5126369595527649,-0.1306101232767105,0.8599690198898315,0.4427968263626098,-0.1499156653881073,0.8641531467437744,0.3724100291728973,-0.1622926592826843
0.8002346754074097,0.8932132720947266,6.133823831078189e-07,0.6948698163032532,0.8533468842506409,-0.0438447333872318,0.6157030463218689,0.7565635442733765,-0.071510449051857,0.5667795538902283,0.6619501709938049,-0.0952699780464172,0.513218343257904,0.5782774090766907,-0.1206171512603759,0.6627169847488403,0.6337933540344238,-0.0688887238502502,0.626022458076477,0.5222059488296509,-0.1162822023034095,0.6036032438278198,0.4590262770652771,-0.1491248309612274,0.5817642211914062,0.391488641500473,-0.174281820654869,0.7350308895111084,0.622956395149231,-0.080056332051754,0.7118125557899475,0.4994605183601379,-0.1280350089073181,0.6971037983894348,0.4224203824996948,-0.1638377159833908,0.6810629963874817,0.3421043455600738,-0.1899328678846359,0.8084036111831665,0.6471666097640991,-0.095924824476242,0.7950280904769897,0.5291828513145447,-0.1512981951236724,0.7841910123825073,0.4569047689437866,-0.1830690205097198,0.7676603198051453,0.3805789351463318,-0.2026682198047638,0.8794101476669312,0.692345917224884,-0.1133821085095405,0.8886334300041199,0.5942416191101074,-0.1677939295768737,0.8926829099655151,0.5278612971305847,-0.1929962635040283,0.8892778158187866,0.4589664936065674,-0.2084021717309951
0.8292076587677002,0.9075011014938354,5.941705580880807e-07,0.7316484451293945,0.8635097146034241,-0.0442154221236705,0.653063178062439,0.7711682915687561,-0.0719300806522369,0.6035295724868774,0.6791021227836609,-0.0954899936914444,0.5571497678756714,0.5894497036933899,-0.1197622269392013,0.696601152420044,0.6361300945281982,-0.0612406432628631,0.6653873920440674,0.5248754024505615,-0.1050521060824394,0.6480407118797302,0.4590655267238617,-0.1362098157405853,0.6335251331329346,0.3885358870029449,-0.1602805852890014,0.7714219689369202,0.6217362284660339,-0.0703668147325515,0.7508586645126343,0.4972643852233886,-0.1118946373462677,0.742303192615509,0.4185407161712646,-0.1441647857427597,0.732665479183197,0.3356750607490539,-0.1683820039033889,0.8453396558761597,0.6442785263061523,-0.0846962705254554,0.833781898021698,0.5233136415481567,-0.1336666792631149,0.8282701969146729,0.4473954737186432,-0.1620247066020965,0.8163518309593201,0.367123007774353,-0.1801038980484008,0.9167762398719788,0.6898791790008545,-0.100928783416748,0.9277061223983764,0.5905252695083618,-0.1500009894371032,0.9339382648468018,0.5230903029441833,-0.171952411532402,0.932276487350464,0.4528487026691437,-0.1852198094129562
0.8072442412376404,0.8890014886856079,6.077743250898493e-07,0.7097576260566711,0.8492839336395264,-0.0457482449710369,0.6357711553573608,0.7570883631706238,-0.0727498307824134,0.5910930037498474,0.6623061895370483,-0.0951297879219055,0.5462633371353149,0.5726932883262634,-0.1183957159519195,0.6766443848609924,0.6249343156814575,-0.0610000826418399,0.6433916687965393,0.5121209621429443,-0.103702001273632,0.6246210336685181,0.4450007975101471,-0.1343349069356918,0.6090062260627747,0.3734657168388366,-0.157937616109848,0.7487475275993347,0.6071795225143433,-0.0684612244367599,0.7249804139137268,0.4807451367378235,-0.1094180271029472,0.7128312587738037,0.399881362915039,-0.1421460211277008,0.6998112797737122,0.3156657516956329,-0.1665721535682678,0.8205820918083191,0.6266692280769348,-0.0810511112213134,0.8051844239234924,0.5044258832931519,-0.1290779262781143,0.795272707939148,0.4278136789798736,-0.1578637063503265,0.7793182730674744,0.348194807767868,-0.1762995719909668,0.8900283575057983,0.6691230535507202,-0.0956792458891868,0.8957884311676025,0.5685555338859558,-0.1436607241630554,0.8986303806304932,0.5000259280204773,-0.1655125766992569,0.8940919637680054,0.4292775988578796,-0.1787970811128616
0.776195764541626,0.8550021648406982,5.931646569479199e-07,0.6714508533477783,0.8221892714500427,-0.0431058071553707,0.5897678136825562,0.732424795627594,-0.0669859126210212,0.5416929125785828,0.6373221278190613,-0.0866150259971618,0.4933407306671142,0.55501389503479,-0.1070064902305603,0.6271150708198547,0.5915829539299011,-0.055117517709732,0.5872596502304077,0.4792934060096741,-0.0973876416683197,0.5652127861976624,0.4109479784965515,-0.1286630928516388,0.5467309951782227,0.3395054936408996,-0.1525681763887405,0.6947771906852722,0.5675032138824463,-0.0632085502147674,0.6622204184532166,0.4417510628700256,-0.1041978746652603,0.6444377899169922,0.3597589135169983,-0.1369078308343887,0.6270935535430908,0.2771690189838409,-0.1609415262937545,0.7647613883018494,0.5791793465614319,-0.0766476243734359,0.7425578236579895,0.458678275346756,-0.1239506527781486,0.7268249988555908,0.3801385760307312,-0.1522592157125473,0.7071167826652527,0.3018026649951935,-0.1702498346567154,0.8339000940322876,0.6151133179664612,-0.0923133045434951,0.8332344889640808,0.5161983370780945,-0.139125794172287,0.8305970430374146,0.4477191567420959,-0.1604644209146499,0.8219097852706909,0.3786901235580444,-0.1734186261892318
0.7805315256118774,0.8393563032150269,6.901972255946021e-07,0.6771911382675171,0.8118492960929871,-0.0446903333067894,0.5888539552688599,0.7337756156921387,-0.0806953683495521,0.5314381718635559,0.6637021899223328,-0.1125218793749809,0.48030686378479,0.5946632027626038,-0.147456869482994,0.6232719421386719,0.5910629034042358,-0.0972315222024917,0.5793143510818481,0.4705411493778229,-0.1563142091035843,0.557332456111908,0.4015604257583618,-0.196798950433731,0.5359629392623901,0.3305979967117309,-0.2269302606582641,0.6882140636444092,0.5817847847938538,-0.1128026917576789,0.6555925011634827,0.4519359171390533,-0.1749038249254226,0.631435751914978,0.3710880279541015,-0.2168653607368469,0.6059406399726868,0.2874711751937866,-0.2464477866888046,0.7578825950622559,0.6094340682029724,-0.1313856393098831,0.73471599817276,0.489859014749527,-0.197203904390335,0.7139880061149597,0.4162618815898895,-0.232339546084404,0.6866097450256348,0.3395488262176513,-0.254323273897171,0.8286629915237427,0.6628251075744629,-0.1511183679103851,0.8272073268890381,0.5704429745674133,-0.2164692729711532,0.8218346238136292,0.5085024833679199,-0.2446847259998321,0.8089274168014526,0.4443597793579101,-0.2613135874271393
0.7690320014953613,0.8556398749351501,5.886151370759762e-07,0.6652219891548157,0.816582441329956,-0.0343577414751052,0.5808126330375671,0.7205178737640381,-0.0619158819317817,0.5269156694412231,0.6380032896995544,-0.0865495353937149,0.4733322858810425,0.5695285201072693,-0.1142474114894867,0.6224207282066345,0.5912957191467285,-0.0850844010710716,0.5795440673828125,0.4705694913864136,-0.1387826204299926,0.5554906129837036,0.4016597270965576,-0.1754481494426727,0.5297945737838745,0.3331009447574615,-0.2031489312648773,0.6861880421638489,0.5891072154045105,-0.1034369692206382,0.6534550786018372,0.4633678793907165,-0.160653755068779,0.6272017955780029,0.3831962943077087,-0.1987379789352417,0.5987652540206909,0.3056409060955047,-0.2254649400711059,0.7548497915267944,0.6209442019462585,-0.1241880133748054,0.7344228625297546,0.5068503618240356,-0.1865705251693725,0.7125622630119324,0.4339829683303833,-0.2196798622608184,0.6836547255516052,0.3608523607254028,-0.2400353401899337,0.8242502212524414,0.6765609383583069,-0.145412415266037,0.8240925073623657,0.5879103541374207,-0.2100166380405426,0.81751549243927,0.5262353420257568,-0.2386692762374878,0.8042299747467041,0.4626477062702179,-0.2552695274353027
0.7432354092597961,0.9450560808181764,2.083910857209048e-07,0.6368257403373718,0.85563063621521,-0.0213210489600896,0.557155966758728,0.7243883609771729,-0.0406688638031482,0.5030030012130737,0.6217591762542725,-0.0606740713119506,0.4455859065055847,0.5344014763832092,-0.0838334262371063,0.6094967126846313,0.6579135656356812,-0.0680103823542594,0.5537555813789368,0.573550820350647,-0.1251095235347747,0.5035573244094849,0.5190891027450562,-0.1677731573581695,0.4537252187728882,0.4688595533370971,-0.1998106241226196,0.6516497731208801,0.6770224571228027,-0.0919718965888023,0.5978453755378723,0.5822455883026123,-0.1511124074459076,0.5454141497612,0.5247969627380371,-0.1924833804368972,0.4927815794944763,0.4760732650756836,-0.2241417169570922,0.6981998085975647,0.7249776124954224,-0.1179257780313491,0.6586508750915527,0.6401993632316589,-0.1802496910095214,0.6087091565132141,0.5990973114967346,-0.2134915888309478,0.5548253655433655,0.5672882795333862,-0.2351094633340835,0.744553804397583,0.8020031452178955,-0.1438523977994918,0.7257565259933472,0.7457549571990967,-0.2047924399375915,0.6965540051460266,0.7086597681045532,-0.2332490682601928,0.6638529300689697,0.6773335337638855,-0.2516572475433349
0.7292636632919312,0.9179401397705078,-7.16607502226907e-08,0.6291947960853577,0.8520238995552063,-0.0128119401633739,0.5678550004959106,0.7550363540649414,-0.0266662389039993,0.5257266163825989,0.6765057444572449,-0.0424275062978267,0.4794473052024841,0.6084665060043335,-0.0593917816877365,0.6168100833892822,0.6117705702781677,-0.0324179381132125,0.5413761734962463,0.5373887419700623,-0.0725336596369743,0.4831665456295013,0.490631639957428,-0.105275347828865,0.4290072917938232,0.4504159688949585,-0.1303216218948364,0.642158567905426,0.6266291737556458,-0.0545550361275672,0.5590559840202332,0.5464346408843994,-0.0965843275189399,0.4939747154712677,0.5015339851379395,-0.1278224736452102,0.4315547943115234,0.4618585705757141,-0.1500875353813171,0.6695581078529358,0.6744828820228577,-0.0792252942919731,0.5916138887405396,0.6006175875663757,-0.125827744603157,0.5357800126075745,0.5662121772766113,-0.149874746799469,0.4809066653251648,0.5297592878341675,-0.1645720154047012,0.6948907375335693,0.751968502998352,-0.104454755783081,0.6518255472183228,0.7060046792030334,-0.1522318869829177,0.6139408946037292,0.6741944551467896,-0.1726429462432861,0.5778387784957886,0.6349826455116272,-0.1843398213386535
0.7314319610595703,0.9135429859161376,-6.993478507411055e-08,0.6194037199020386,0.839702844619751,-0.0088215125724673,0.5520417094230652,0.7336786389350891,-0.021655423566699,0.5043889284133911,0.6523343324661255,-0.037332184612751,0.4565023183822632,0.5787743926048279,-0.0548043251037597,0.6162668466567993,0.603374183177948,-0.0339642725884914,0.5425621271133423,0.5255698561668396,-0.075682409107685,0.4863263070583343,0.4767106175422668,-0.1096199303865432,0.4335215985774994,0.4352143704891205,-0.1359816342592239,0.6452978253364563,0.6205596923828125,-0.0592060759663581,0.5633664727210999,0.5402098298072815,-0.1047372967004776,0.4994227886199951,0.4959026575088501,-0.1387251168489456,0.4373801946640014,0.4551149010658264,-0.1634539812803268,0.6757912635803223,0.6695570349693298,-0.0864675119519233,0.5982508659362793,0.5963508486747742,-0.135888010263443,0.5409222841262817,0.5625292658805847,-0.1624757051467895,0.4851246774196625,0.5275189876556396,-0.1792482435703277,0.7023826241493225,0.7494328022003174,-0.1137465238571167,0.6584029793739319,0.7049156427383423,-0.1637201160192489,0.6201806664466858,0.6699494123458862,-0.1866793185472488,0.5851051211357117,0.6286362409591675,-0.2007616758346557
0.7569501399993896,0.8832760453224182,-1.856525777554907e-08,0.6558734774589539,0.8007361888885498,-0.0039344313554465,0.5942943096160889,0.701015293598175,-0.0148188089951872,0.5536401867866516,0.6248620748519897,-0.0300661642104387,0.5131880044937134,0.5584040880203247,-0.0475655682384967,0.6431298851966858,0.5642111301422119,-0.0252874437719583,0.571001410484314,0.4831991791725158,-0.0654929727315902,0.5149292349815369,0.4317956864833832,-0.099058873951435,0.4626107811927795,0.388634443283081,-0.1254669725894928,0.6653738021850586,0.5814851522445679,-0.0535616017878055,0.5831426978111267,0.4903876781463623,-0.0978547781705856,0.5211464166641235,0.4386017918586731,-0.1337608098983764,0.4613205194473266,0.3909056782722473,-0.1596998125314712,0.6906111240386963,0.6322365403175354,-0.083630658686161,0.6134112477302551,0.5517600774765015,-0.1330407559871673,0.5578205585479736,0.5112439393997192,-0.1630684435367584,0.5044933557510376,0.4684523940086365,-0.1822982877492904,0.7134363055229187,0.7124096751213074,-0.1132526621222496,0.6679291725158691,0.6643943190574646,-0.1634113490581512,0.6313486695289612,0.6290310621261597,-0.1874063163995742,0.5989217162132263,0.584869921207428,-0.2024923712015152
0.7562110424041748,0.8840901851654053,-1.6615349096582577e-08,0.6497312784194946,0.8033522963523865,-0.0042630699463188,0.5861188173294067,0.6998481154441833,-0.013760776259005,0.5438733696937561,0.6203829050064087,-0.0274229813367128,0.5026322603225708,0.5514248013496399,-0.0430683121085166,0.6421430110931396,0.5632798671722412,-0.0225426629185676,0.5742485523223877,0.4806548655033111,-0.0616731941699981,0.5195980668067932,0.4284309446811676,-0.0943470299243927,0.4675436019897461,0.3851630985736847,-0.1200857311487197,0.6662266254425049,0.5797208547592163,-0.0500296652317047,0.5873355269432068,0.4861087501049042,-0.0934429094195365,0.5269116759300232,0.4330910146236419,-0.1283835917711258,0.4678765535354614,0.384997695684433,-0.153249904513359,0.6932491660118103,0.6300001740455627,-0.0795540139079094,0.617233395576477,0.5482417941093445,-0.128375306725502,0.5629732608795166,0.5071061253547668,-0.1572154462337494,0.5100684762001038,0.4631928205490112,-0.175168365240097,0.7175174951553345,0.7104319930076599,-0.1087358966469764,0.6730680465698242,0.659925103187561,-0.158625915646553,0.6370838284492493,0.6231277585029602,-0.1820437163114547,0.6052612066268921,0.5775301456451416,-0.196255937218666
0.7359119653701782,0.855824887752533,5.503388251781871e-07,0.62920081615448,0.8261656761169434,-0.0375678241252899,0.545099139213562,0.7352118492126465,-0.0641297250986099,0.4932687878608703,0.6430147290229797,-0.087808609008789,0.438759446144104,0.5591378808021545,-0.1132817417383194,0.574316143989563,0.5982578992843628,-0.0726611241698265,0.5300422310829163,0.4842622280120849,-0.1240413561463356,0.5046423077583313,0.415114164352417,-0.161326915025711,0.4808533489704132,0.3445228636264801,-0.1895055323839187,0.6321287751197815,0.5883532762527466,-0.0877358615398407,0.5900893807411194,0.4645643532276153,-0.1403658539056778,0.5593404173851013,0.3868663907051086,-0.1788948029279709,0.5271213054656982,0.3090630769729614,-0.2070505172014236,0.6961208581924438,0.609082043170929,-0.1063785925507545,0.6622521877288818,0.4932418167591095,-0.1616824716329574,0.6311438083648682,0.4224081337451935,-0.193832129240036,0.596603274345398,0.3542734384536743,-0.2147217988967895,0.7626291513442993,0.6520800590515137,-0.1267295926809311,0.7468723654747009,0.5563331842422485,-0.1821038126945495,0.731063723564148,0.4892871975898742,-0.2093313783407211,0.7117690443992615,0.4256681799888611,-0.2264080941677093
0.7614750862121582,0.910521388053894,5.576216608460527e-07,0.6637743711471558,0.8946933746337891,-0.048096414655447,0.5748186111450195,0.8080708384513855,-0.0751449987292289,0.515034556388855,0.7180455327033997,-0.0973652079701423,0.4559805393218994,0.642792820930481,-0.1199318617582321,0.6017176508903503,0.6546246409416199,-0.062400821596384,0.5567814111709595,0.5435223579406738,-0.1061440706253051,0.5341604948043823,0.4763996005058288,-0.1381610035896301,0.5140485763549805,0.4056148529052734,-0.1625442504882812,0.6671697497367859,0.6233500242233276,-0.0691013038158416,0.6304333209991455,0.4986708760261535,-0.1118809133768081,0.607878565788269,0.4177857637405395,-0.1451757252216339,0.5848801136016846,0.3379883170127868,-0.1696121543645858,0.7380123138427734,0.628910481929779,-0.0810930579900741,0.7104741930961609,0.5088998675346375,-0.1296582072973251,0.6909213662147522,0.4368411898612976,-0.1560080647468567,0.6661440134048462,0.3636516034603119,-0.172320157289505,0.8114545345306396,0.6582151055335999,-0.0958681106567382,0.8019174337387085,0.5565444231033325,-0.1442027986049652,0.7945742607116699,0.4869017004966736,-0.1648706346750259,0.7829998135566711,0.4152739644050598,-0.1769025325775146
0.7860390543937683,0.9456963539123536,5.187002329876123e-07,0.6944766640663147,0.9338610172271729,-0.050751082599163,0.6158727407455444,0.8565611839294434,-0.0790899097919464,0.5610230565071106,0.7742866277694702,-0.101618081331253,0.502922773361206,0.7109625339508057,-0.1237502321600914,0.6333948373794556,0.7025619745254517,-0.0589662455022335,0.5932848453521729,0.5919990539550781,-0.0976806953549385,0.5758538246154785,0.521729052066803,-0.1265708357095718,0.5626872181892395,0.4503421187400818,-0.1483152955770492,0.7000399231910706,0.665762722492218,-0.0615108199417591,0.6688546538352966,0.5345007181167603,-0.0949577242136001,0.6555733680725098,0.4516818523406982,-0.1219360083341598,0.6429070234298706,0.3720369040966034,-0.1425299048423767,0.7690621018409729,0.6658850312232971,-0.0696490406990051,0.7498047947883606,0.538864016532898,-0.1072343066334724,0.739471435546875,0.4589709639549255,-0.1268835961818695,0.7258625030517578,0.3818741738796234,-0.1399178653955459,0.8400150537490845,0.6890681982040405,-0.0814919471740722,0.8384783864021301,0.5827562808990479,-0.1168586686253547,0.835494339466095,0.5106291770935059,-0.129928857088089,0.8273517489433289,0.4384698271751404,-0.1378547549247741
0.7714715600013733,0.9710510969161988,5.936736897638184e-07,0.6736462116241455,0.9383198618888856,-0.0374510437250137,0.601980447769165,0.8510645627975464,-0.0554157197475433,0.5509604215621948,0.7609648108482361,-0.0707151144742965,0.4997110068798065,0.696864902973175,-0.0853931829333305,0.6256399154663086,0.7031373381614685,-0.01370320469141,0.5923082828521729,0.5965902209281921,-0.0352121666073799,0.5771013498306274,0.5348083972930908,-0.0574154444038867,0.5668173432350159,0.4714468121528625,-0.0760824158787727,0.6884431838989258,0.6721771359443665,-0.0174993779510259,0.6578696370124817,0.5523385405540466,-0.0349421761929988,0.6406168937683105,0.4767422378063202,-0.0591121800243854,0.6265193819999695,0.4038361012935638,-0.0792527720332145,0.7511438727378845,0.672453761100769,-0.0274598896503448,0.728421151638031,0.556208610534668,-0.0488711036741733,0.7136286497116089,0.4839963018894195,-0.065944917500019,0.6983126401901245,0.41606405377388,-0.0794629082083702,0.8159328699111938,0.6958953738212585,-0.0409930944442749,0.8077601194381714,0.5988202691078186,-0.0620884969830513,0.8007087707519531,0.5335112810134888,-0.0703432634472847,0.7916618585586548,0.4701135158538818,-0.0764760300517082
0.7863649129867554,1.0218884944915771,3.854684393900243e-07,0.6873254179954529,1.000723123550415,-0.0367082916200161,0.6061874628067017,0.926250457763672,-0.058325171470642,0.5477752685546875,0.8457141518592834,-0.0782936066389083,0.4872300624847412,0.7855726480484009,-0.0981075167655944,0.621414303779602,0.7852917909622192,-0.0246353205293416,0.5717537999153137,0.6814587116241455,-0.0518072172999382,0.5441341400146484,0.623756468296051,-0.0759968012571334,0.5201202630996704,0.5633766055107117,-0.0953943580389022,0.6769710779190063,0.7547255158424377,-0.0300206746906042,0.627046525478363,0.6421370506286621,-0.0538173764944076,0.5987017154693604,0.5739312171936035,-0.0794438198208808,0.5723437070846558,0.5060728192329407,-0.0992630198597908,0.7407440543174744,0.7502139210700989,-0.0406970344483852,0.69937664270401,0.6420467495918274,-0.0671507567167282,0.6721312403678894,0.5744012594223022,-0.0851687267422676,0.6417772173881531,0.5096145272254944,-0.097855657339096,0.8116036653518677,0.7633503079414368,-0.0545154437422752,0.786538302898407,0.6692489385604858,-0.0789262503385543,0.7661311626434326,0.6076605916023254,-0.0884241089224815,0.7430505156517029,0.5485224723815918,-0.0944705232977867
0.8382489681243896,0.941121220588684,1.1046501668943165e-07,0.7358037829399109,0.965924859046936,-0.0137970363721251,0.6391393542289734,0.9123533964157104,-0.0233194530010223,0.5850906372070312,0.8441736102104187,-0.0351997055113315,0.5302709341049194,0.8007022738456726,-0.0478718988597393,0.5945186614990234,0.7932664752006531,-0.0127798523753881,0.5223915576934814,0.7408792972564697,-0.0426770746707916,0.4703920185565948,0.7247015833854675,-0.0699285715818405,0.4214780330657959,0.7099761962890625,-0.090838685631752,0.6254067420959473,0.7659493684768677,-0.0294478517025709,0.5444248914718628,0.705345630645752,-0.0578248091042041,0.4837048947811126,0.6799746155738831,-0.0837950929999351,0.4263637065887451,0.6575471758842468,-0.1028210297226905,0.6724611520767212,0.7543929815292358,-0.0500335283577442,0.5907396078109741,0.6855233907699585,-0.0791984945535659,0.528596818447113,0.6560200452804565,-0.0983387008309364,0.4679230451583862,0.6340946555137634,-0.1117020025849342,0.732280969619751,0.7561203837394714,-0.0724246725440025,0.6697625517845154,0.696922779083252,-0.1021586135029792,0.616065263748169,0.6686004400253296,-0.1164861992001533,0.5641305446624756,0.6470057964324951,-0.1256483048200607
0.7930758595466614,0.929679274559021,3.677701840842929e-07,0.7001765966415405,0.9533973336219788,-0.0149609604850411,0.6132878065109253,0.9079124331474304,-0.0264392048120498,0.5668885707855225,0.8411694765090942,-0.0393272079527378,0.5259056091308594,0.7924339771270752,-0.0530277006328105,0.5534150004386902,0.7995207905769348,-0.0145138008520007,0.4849337637424469,0.7396882176399231,-0.0421498082578182,0.4420916140079498,0.7075895071029663,-0.0670133009552955,0.4038518071174621,0.6734405159950256,-0.0867277234792709,0.5849915146827698,0.770206868648529,-0.0305884387344121,0.5071113109588623,0.7057248950004578,-0.0577562041580677,0.453275054693222,0.6713404655456543,-0.0840302184224128,0.4038884937763214,0.6386276483535767,-0.1033054515719413,0.6319958567619324,0.751483142375946,-0.0500105917453765,0.5532700419425964,0.6814727187156677,-0.0789005234837532,0.4963440895080566,0.6500306129455566,-0.0972248688340187,0.4409120082855224,0.6231354475021362,-0.1096537485718727,0.6946560740470886,0.741851806640625,-0.0709864497184753,0.6310971975326538,0.6814584136009216,-0.100061796605587,0.5818936228752136,0.650897741317749,-0.1121872290968895,0.5326406359672546,0.6246636509895325,-0.1196113899350166
0.7938451766967773,0.896279513835907,1.7893036385885353e-07,0.7044767141342163,0.9168348908424376,-0.0167240370064973,0.6166731119155884,0.8719521164894104,-0.0269869454205036,0.5625689029693604,0.81418776512146,-0.0384261049330234,0.5093328952789307,0.778817892074585,-0.050118438899517,0.5591504573822021,0.7576334476470947,-0.012920444831252,0.4903606176376343,0.7013322114944458,-0.0404586493968963,0.4474446177482605,0.6727778315544128,-0.0660229250788688,0.4087357819080353,0.6427506804466248,-0.0865335762500763,0.589882493019104,0.7289502620697021,-0.027464784681797,0.512475848197937,0.6702997088432312,-0.0539423041045665,0.4603131413459778,0.6401962637901306,-0.0809335187077522,0.4113147258758545,0.6090642213821411,-0.1011707410216331,0.6343880295753479,0.7112299203872681,-0.0457574911415576,0.557650625705719,0.6507372856140137,-0.0729751214385032,0.5017202496528625,0.6199996471405029,-0.0917958617210388,0.4478410482406616,0.5896643400192261,-0.1051427870988845,0.6954854726791382,0.7032289505004883,-0.0661088973283767,0.6314566135406494,0.6499531865119934,-0.0937853977084159,0.5829065442085266,0.6222571134567261,-0.1068017333745956,0.5344806909561157,0.5957258343696594,-0.1152792870998382
0.7872889041900635,0.879318356513977,2.399829952537403e-07,0.7023192048072815,0.9067519903182985,-0.0217513665556907,0.6137667894363403,0.8638611435890198,-0.0329963006079196,0.5577237010002136,0.8052587509155273,-0.0441890619695186,0.500849187374115,0.771579384803772,-0.0556339882314205,0.560679018497467,0.7512159943580627,-0.0196510907262563,0.4923171401023865,0.6949990391731262,-0.0479931011795997,0.4489848613739013,0.6651146411895752,-0.0735127106308937,0.4091079235076904,0.633773922920227,-0.0935121476650238,0.5914713740348816,0.7166801691055298,-0.0310291182249784,0.5138186812400818,0.65755295753479,-0.0575931370258331,0.4610345065593719,0.6230190396308899,-0.083470769226551,0.4116225242614746,0.5874313712120056,-0.1028453782200813,0.6360008716583252,0.6950523257255554,-0.0463102087378501,0.5590957999229431,0.6334679126739502,-0.0735856145620346,0.5034891366958618,0.60150146484375,-0.0910806432366371,0.4511370658874511,0.5716760158538818,-0.1032261848449707,0.6948586702346802,0.6839511394500732,-0.0640411600470542,0.6316384673118591,0.6317533850669861,-0.0918852686882019,0.5829556584358215,0.6027129888534546,-0.104579173028469,0.5358625650405884,0.5763357281684875,-0.1124929413199424
0.7844136953353882,0.8492704033851624,1.946654037965345e-07,0.7024489045143127,0.8762680888175964,-0.0208768397569656,0.6167746186256409,0.8353768587112427,-0.031797919422388,0.5641173124313354,0.7789251804351807,-0.0428788587450981,0.5085895657539368,0.7444489598274231,-0.0540503486990928,0.556093156337738,0.716894268989563,-0.0154842091724276,0.4893660247325897,0.6611711382865906,-0.0423045679926872,0.4460554122924804,0.6322124600410461,-0.0679119527339935,0.4063436388969421,0.6022545695304871,-0.0885908082127571,0.5867750644683838,0.6820698380470276,-0.0267778746783733,0.5113706588745117,0.622507631778717,-0.0521175973117351,0.4611659944057464,0.5906260013580322,-0.0788807570934295,0.4133046269416809,0.5575389266014099,-0.0994654819369316,0.6301431059837341,0.6608803272247314,-0.0420742891728878,0.5570279359817505,0.6002182960510254,-0.0680069923400878,0.5026581287384033,0.5691473484039307,-0.0869350209832191,0.4517432451248169,0.539886474609375,-0.1007714718580246,0.689022421836853,0.6492162346839905,-0.0598686002194881,0.627496600151062,0.5967150330543518,-0.0862399563193321,0.5799639821052551,0.5692143440246582,-0.0997848585247993,0.5334075093269348,0.5443520545959473,-0.1090123057365417
0.7590627074241638,0.7699792981147766,1.20532646974425e-07,0.6698006391525269,0.7810391187667847,-0.0149866277351975,0.5888270735740662,0.7316138744354248,-0.0226580835878849,0.5434931516647339,0.6656924486160278,-0.0324980244040489,0.5030264854431152,0.6154890060424805,-0.0411963164806366,0.5426453948020935,0.5965011119842529,0.0047091664746403,0.481079638004303,0.5380070805549622,-0.0168301481753587,0.4416794180870056,0.5088362693786621,-0.0396546237170696,0.4050058722496032,0.4803571105003357,-0.0580838210880756,0.569893479347229,0.5622763633728027,-0.0079934177920222,0.498082160949707,0.4949577152729034,-0.0282746255397796,0.4509265422821045,0.4596466422080993,-0.050726231187582,0.4073531329631805,0.4280354976654053,-0.0673100724816322,0.6093974113464355,0.5428637266159058,-0.0255392864346504,0.53753262758255,0.4711777865886688,-0.0466506779193878,0.4895091652870178,0.4330563545227051,-0.0612713433802127,0.4443011879920959,0.4011971950531006,-0.0715418234467506,0.663680911064148,0.5334852337837219,-0.0457773581147193,0.6055416464805603,0.4700299501419067,-0.0657583251595497,0.5636742115020752,0.4326506555080414,-0.0743930637836456,0.5222813487052917,0.4008976221084595,-0.0798637717962265
0.7555372714996338,0.7068765163421631,2.607102373985981e-07,0.6661402583122253,0.730263888835907,-0.01993422023952,0.5819661617279053,0.7115167379379272,-0.0329391434788703,0.5288724899291992,0.6789911389350891,-0.0473633185029029,0.4827862381935119,0.6529794931411743,-0.0619692280888557,0.54084712266922,0.5424736738204956,-0.0067151300609111,0.4767046570777893,0.4824917912483215,-0.0309380255639553,0.437643438577652,0.4479559659957886,-0.0566739030182361,0.4018116891384125,0.4149994850158691,-0.0768025815486908,0.5696519017219543,0.5047636032104492,-0.0181109569966793,0.4959545135498047,0.4356217086315155,-0.0407941527664661,0.4481262564659118,0.3967508673667907,-0.0666190832853317,0.4017964005470276,0.3611781597137451,-0.0860132798552513,0.6086782217025757,0.481366753578186,-0.0341050066053867,0.5379745960235596,0.4060564637184143,-0.0562825500965118,0.4890678524971008,0.3656994700431824,-0.0743836611509323,0.4419498741626739,0.3333092629909515,-0.0873275697231292,0.6620268225669861,0.4689417779445648,-0.0528562478721141,0.6051234602928162,0.3988514542579651,-0.0729350373148918,0.5638657212257385,0.3597204089164734,-0.0823538154363632,0.5220894813537598,0.327436089515686,-0.0886508747935295
0.7567628622055054,0.68937748670578,1.2232096935349548e-07,0.6685888171195984,0.698380708694458,-0.0134322354570031,0.5863096714019775,0.6692315340042114,-0.0218088701367378,0.5328164100646973,0.6251689791679382,-0.0324980802834034,0.4890752136707306,0.5897877812385559,-0.042858101427555,0.5429319143295288,0.5190767645835876,0.001628928235732,0.4823671281337738,0.4610617160797119,-0.0197464060038328,0.444356620311737,0.4299817383289337,-0.0429813489317894,0.4083817601203918,0.3985438942909241,-0.0622441433370113,0.5691637992858887,0.4817217886447906,-0.0123486714437603,0.5005031228065491,0.4112248420715332,-0.032889325171709,0.4568018913269043,0.3753097057342529,-0.0563981048762798,0.413040816783905,0.3405483961105346,-0.0742674246430397,0.6067936420440674,0.4596208333969116,-0.0304080545902252,0.5403443574905396,0.3866118192672729,-0.0506492853164672,0.4953351616859436,0.3490092158317566,-0.0652400404214859,0.451920747756958,0.3163358569145202,-0.0759915709495544,0.6619868278503418,0.4486359059810638,-0.0509374588727951,0.6064212322235107,0.381209135055542,-0.0689848437905311,0.5672510862350464,0.3415394425392151,-0.0762845873832702,0.5280988216400146,0.3069421648979187,-0.0812393203377723
0.7561883926391602,0.6660476326942444,1.090520669322359e-07,0.6726124286651611,0.6747156381607056,-0.0142551884055137,0.5944541096687317,0.6346059441566467,-0.0210387948900461,0.5474438071250916,0.5780448317527771,-0.0298414975404739,0.5061976313591003,0.5389060378074646,-0.038095336407423,0.5528206825256348,0.4992940127849579,0.0042850160971283,0.4920854568481445,0.4412057399749756,-0.0147873405367136,0.4557746946811676,0.4098834991455078,-0.0362751893699169,0.422054260969162,0.3773917257785797,-0.0541777685284614,0.5779246091842651,0.4604599475860595,-0.0076363626867532,0.5096654891967773,0.3913600146770477,-0.0254346374422311,0.4677592515945434,0.3545202612876892,-0.0476166531443595,0.4270015954971313,0.3182251453399658,-0.0648925080895423,0.6140196919441223,0.4370802640914917,-0.0238576047122478,0.5486354231834412,0.3660672903060913,-0.0424458943307399,0.5050576329231262,0.3272755444049835,-0.0573742277920246,0.4633786976337433,0.2924945950508117,-0.0687908306717872,0.6656215190887451,0.4242113530635834,-0.0425967052578926,0.6127526760101318,0.3606047630310058,-0.0598161593079566,0.576071560382843,0.3227795362472534,-0.067666657269001,0.5395671129226685,0.288640022277832,-0.0733836516737937
0.7690902948379517,0.6555671691894531,1.2889255174286518e-07,0.6816483736038208,0.6621259450912476,-0.0146000739187002,0.6015937328338623,0.6164504289627075,-0.0214304346591234,0.5543792247772217,0.5575159788131714,-0.0302745699882507,0.5170776844024658,0.5147730708122253,-0.0388783663511276,0.5745719075202942,0.4838194549083709,0.0001004967125481,0.514613151550293,0.4195208549499511,-0.0216191038489341,0.477885752916336,0.3850157856941223,-0.0434934645891189,0.4429159462451935,0.3518698811531067,-0.0608933046460151,0.6006134748458862,0.4473759829998016,-0.011812069453299,0.5330736637115479,0.3732834756374359,-0.033250093460083,0.4898484349250793,0.3317819833755493,-0.0559212490916252,0.4481967687606811,0.2936374545097351,-0.0723090767860412,0.6378239393234253,0.4252718985080719,-0.0279347226023674,0.5712403655052185,0.3509940505027771,-0.0498769059777259,0.5268632769584656,0.3071600794792175,-0.0657277926802635,0.4837860465049743,0.2690813541412353,-0.0765225365757942,0.6881577372550964,0.4128260314464569,-0.04635576531291,0.6352056860923767,0.3463280797004699,-0.0666296556591987,0.5976496934890747,0.3046531677246094,-0.0757378786802291,0.5606716275215149,0.2667003571987152,-0.0814590826630592
0.794549286365509,0.6565133333206177,1.4347848775742025e-07,0.70703125,0.6607482433319092,-0.0151991955935955,0.6254265904426575,0.6175476312637329,-0.0234188567847013,0.575299859046936,0.5619675517082214,-0.0334783345460891,0.5376192331314087,0.5192916989326477,-0.043366402387619,0.598899245262146,0.4765741229057312,-0.0033617322333157,0.5396328568458557,0.4084143042564392,-0.0264232940971851,0.5030209422111511,0.3709170818328857,-0.0488446690142154,0.4688522517681122,0.3351588845252991,-0.0664700046181678,0.6272133588790894,0.4399519860744476,-0.0157560780644416,0.5612567663192749,0.3610365688800812,-0.0382661037147045,0.5172398090362549,0.3165017962455749,-0.0610655955970287,0.4749046564102173,0.2767314314842224,-0.0773229151964187,0.6666382551193237,0.4177051186561584,-0.0321974046528339,0.6019756197929382,0.3390650153160095,-0.0548030026257038,0.5567479729652405,0.2931398749351501,-0.0701971054077148,0.5128176212310791,0.2536715567111969,-0.0805070921778678,0.7189603447914124,0.4072148501873016,-0.0509114637970924,0.6669438481330872,0.3389078974723816,-0.0718106403946876,0.6294301152229309,0.2946094870567322,-0.0803763344883918,0.5928487777709961,0.2542760372161865,-0.0853480622172355
0.8194741606712341,0.6602721214294434,9.753599528039558e-08,0.7294888496398926,0.6665990948677063,-0.0154320755973458,0.6456620693206787,0.6258909702301025,-0.022050779312849,0.5903647541999817,0.5751497745513916,-0.030819920822978,0.5449545383453369,0.5365416407585144,-0.0394370853900909,0.6238245964050293,0.4791240990161896,0.0031849122606217,0.5640705227851868,0.4125028550624847,-0.0193396657705307,0.5269514918327332,0.3726188540458679,-0.042253416031599,0.4932790100574493,0.3341763317584991,-0.0601588934659957,0.6529133319854736,0.4399520754814148,-0.0091539761051535,0.5871118307113647,0.3633311986923218,-0.0303156524896621,0.543079137802124,0.3157731890678406,-0.0532307289540767,0.5013608336448669,0.2722083330154419,-0.0698471665382385,0.692351758480072,0.4160804748535156,-0.0263544339686632,0.6300195455551147,0.3393845558166504,-0.0484202429652214,0.5841556191444397,0.2921549379825592,-0.0645461753010749,0.5391343832015991,0.2508780658245086,-0.0753920674324035,0.7448936700820923,0.4053046703338623,-0.0461168140172958,0.6948564052581787,0.3361455798149109,-0.0670239925384521,0.6577143669128418,0.293550431728363,-0.0758700668811798,0.6204632520675659,0.2562630772590637,-0.0810194015502929
0.8672648072242737,0.676620364189148,1.197934125229949e-07,0.77510005235672,0.6802597641944885,-0.0156779661774635,0.6903867721557617,0.6378211975097656,-0.0223114378750324,0.6327301859855652,0.5859531164169312,-0.0304196048527956,0.5834482908248901,0.5489710569381714,-0.0383791476488113,0.6736841797828674,0.4868927896022796,-0.0003730558673851,0.6153426170349121,0.418111652135849,-0.0219423882663249,0.5791615843772888,0.376298189163208,-0.0439563989639282,0.5469367504119873,0.3346825838088989,-0.0617934800684452,0.7069348692893982,0.448464423418045,-0.0123282577842473,0.6443350315093994,0.3691007494926452,-0.0321717038750648,0.6038163304328918,0.3214638829231262,-0.0537677556276321,0.5636118650436401,0.2761525511741638,-0.0701724886894226,0.7500728964805603,0.4287672340869903,-0.0287134069949388,0.6916526556015015,0.3487405180931091,-0.0501551032066345,0.6490497589111328,0.3013064265251159,-0.0647687315940857,0.6056681275367737,0.2587394714355469,-0.0753436535596847,0.8066200017929077,0.4244019687175751,-0.0475194156169891,0.7618739604949951,0.3529275059700012,-0.069263219833374,0.7272443175315857,0.3090651035308838,-0.078080914914608,0.690761387348175,0.2705283761024475,-0.0834685340523719
0.9124549627304076,0.7141751050949097,2.380632793119731e-07,0.816448986530304,0.71575927734375,-0.0278699677437543,0.7293269038200378,0.6641358137130737,-0.0431152060627937,0.6679359674453735,0.6049790978431702,-0.0579366534948349,0.6100566387176514,0.5570240616798401,-0.0720912367105484,0.7267524600028992,0.5196564197540283,-0.0165490936487913,0.6657555103302002,0.4402066171169281,-0.045873649418354,0.6299536228179932,0.3909320831298828,-0.0718505084514617,0.5986968874931335,0.3407090008258819,-0.0916161015629768,0.765375018119812,0.4791845977306366,-0.0255170185118913,0.7016205191612244,0.3915137052536011,-0.0527457632124424,0.6596253514289856,0.3349215090274811,-0.0781770721077919,0.620063304901123,0.2805497646331787,-0.0968332290649414,0.8141885995864868,0.4581770896911621,-0.0397655665874481,0.7536383867263794,0.3694265484809875,-0.0684135481715202,0.7112987041473389,0.3156523704528808,-0.0856707096099853,0.6697961091995239,0.2667003870010376,-0.0970877856016159,0.8739585876464844,0.4528015851974487,-0.056973285973072,0.8317708373069763,0.3752479553222656,-0.0837477669119834,0.7998336553573608,0.3257849812507629,-0.0945493504405021,0.7670943140983582,0.280900090932846,-0.1008927524089813
0.921789288520813,0.7381176948547363,2.7224180598750536e-07,0.8229585289955139,0.7409639954566956,-0.0266875866800546,0.7359559535980225,0.6834643483161926,-0.0400500930845737,0.6758362054824829,0.6198101043701172,-0.0526183731853961,0.6191257834434509,0.5751147270202637,-0.0642404481768608,0.7308287620544434,0.5426915884017944,-0.0143371513113379,0.669723629951477,0.460605651140213,-0.0404175445437431,0.6351608037948608,0.4136750698089599,-0.0637670755386352,0.60368412733078,0.3651145100593567,-0.0820066407322883,0.7728673815727234,0.5054657459259033,-0.022865192964673,0.7090209722518921,0.4144081473350525,-0.0476455837488174,0.6684347987174988,0.3571479320526123,-0.0713933333754539,0.6294088959693909,0.3015394508838653,-0.088969349861145,0.8234657645225525,0.4876975119113922,-0.0365284904837608,0.7636788487434387,0.3978786170482635,-0.063409149646759,0.7230396270751953,0.3408271074295044,-0.0805806890130043,0.6832571029663086,0.2875875830650329,-0.0920860692858696,0.8829324245452881,0.4849309027194977,-0.0529565811157226,0.8382824659347534,0.4098532497882843,-0.078654758632183,0.8058317303657532,0.3595119714736938,-0.0897280499339103,0.7743488550186157,0.3108313977718353,-0.0964692682027816
0.909856915473938,0.7934799194335938,2.419450026991399e-07,0.8159689903259277,0.7940664291381836,-0.0244066808372735,0.7284166812896729,0.7343595027923584,-0.0362835377454757,0.6709532141685486,0.6699424386024475,-0.04788364097476,0.622108519077301,0.6233850717544556,-0.0589005686342716,0.7219712734222412,0.5873435735702515,-0.0132193611934781,0.6617254614830017,0.5058832764625549,-0.0389538407325744,0.6266922950744629,0.4574289321899414,-0.0624656192958354,0.5944421291351318,0.4094507694244385,-0.0812601372599601,0.7614150643348694,0.5514662265777588,-0.0231138579547405,0.6974939703941345,0.4632429778575897,-0.0489619746804237,0.6555426120758057,0.4086388349533081,-0.0736102238297462,0.6143735647201538,0.3562217950820923,-0.0916042923927307,0.8116896748542786,0.5353086590766907,-0.0378778018057346,0.7504839897155762,0.4449800848960876,-0.0665434747934341,0.7074344158172607,0.3916616141796112,-0.0849873647093772,0.663642942905426,0.3429062664508819,-0.0969780460000038,0.8724070191383362,0.5345407724380493,-0.0551564693450927,0.827558159828186,0.4575238525867462,-0.0836913362145423,0.7933732271194458,0.4073796570301056,-0.0964515805244445,0.759023129940033,0.3599311709403991,-0.1039445996284484
0.9062204360961914,0.8309792280197144,1.875889239499884e-07,0.8099530935287476,0.8337987065315247,-0.0234239865094423,0.7214181423187256,0.7734068632125854,-0.0345328152179718,0.6666555404663086,0.7042705416679382,-0.0453422181308269,0.6197609305381775,0.6501231789588928,-0.0555236898362636,0.7146800756454468,0.6214413642883301,-0.0144194094464182,0.6532658338546753,0.5407964587211609,-0.0406193658709526,0.6167272329330444,0.4940193593502044,-0.064385712146759,0.5825439691543579,0.4471321105957031,-0.0834655612707138,0.7550984621047974,0.584756076335907,-0.0251534357666969,0.6887189745903015,0.4982286989688873,-0.0510956011712551,0.6451324820518494,0.4462714791297912,-0.0758787989616394,0.6019731760025024,0.3949515223503113,-0.0940346866846084,0.8059483170509338,0.5693325996398926,-0.0405108518898487,0.7424226999282837,0.4807713031768799,-0.0693112015724182,0.697528600692749,0.4288077056407928,-0.0877494066953659,0.6523895263671875,0.3792142868041992,-0.0997357442975044,0.86696457862854,0.5711542963981628,-0.0583059377968311,0.8188348412513733,0.4945626854896545,-0.0877660438418388,0.782666802406311,0.4446508884429931,-0.1008250415325164,0.7473366856575012,0.3962453305721283,-0.1082334443926811
0.907399594783783,0.8498042821884155,2.417280029476388e-07,0.8081117272377014,0.8462597131729126,-0.0239789634943008,0.7202772498130798,0.776538610458374,-0.0363835431635379,0.6626288890838623,0.7038105130195618,-0.0479817166924476,0.6090267896652222,0.6464760899543762,-0.0592875219881534,0.7131957411766052,0.6322367191314697,-0.0221031736582517,0.6555228233337402,0.546745240688324,-0.0518639385700225,0.619371771812439,0.4997753798961639,-0.0775123387575149,0.5849987268447876,0.4512762129306793,-0.0976200252771377,0.7569480538368225,0.6009823679924011,-0.032926931977272,0.6906952857971191,0.5075173377990723,-0.0610712096095085,0.6485563516616821,0.4507665634155273,-0.0870222374796867,0.6068325042724609,0.3940511643886566,-0.1061782538890838,0.8100908398628235,0.5901692509651184,-0.0477964393794536,0.7461075186729431,0.4976109266281128,-0.0778498202562332,0.7015390992164612,0.4416700303554535,-0.0962117910385131,0.6590638756752014,0.388248085975647,-0.1081779897212982,0.8739907741546631,0.5960561633110046,-0.0649658143520355,0.8226178884506226,0.5160918831825256,-0.0952131152153015,0.7853881120681763,0.4642934501171112,-0.1083379238843917,0.7506594061851501,0.4141982197761535,-0.1157095953822135
0.8335559368133545,0.8909720182418823,3.649248014880868e-07,0.7468342185020447,0.877859890460968,-0.0184467807412147,0.6751855611801147,0.802381157875061,-0.0301731266081333,0.6501671075820923,0.7212718725204468,-0.0424388460814952,0.6328614950180054,0.654255211353302,-0.0543107911944389,0.6350363492965698,0.6715216636657715,-0.0126320337876677,0.5757834911346436,0.584050714969635,-0.0394212454557418,0.5377453565597534,0.5316666960716248,-0.0635517463088035,0.5044417381286621,0.482401967048645,-0.0821021944284439,0.6695603132247925,0.6482926607131958,-0.0255930814892053,0.5995608568191528,0.55619877576828,-0.0513528510928154,0.5518968105316162,0.4963704943656921,-0.0772579237818718,0.5085148811340332,0.4392131567001343,-0.0957996621727943,0.716050386428833,0.6413326859474182,-0.0423466973006725,0.6482227444648743,0.5462663769721985,-0.0690318420529365,0.6031738519668579,0.4893765151500702,-0.0881492123007774,0.5594907402992249,0.4381793737411499,-0.1006494089961052,0.7746162414550781,0.6500170230865479,-0.0611757785081863,0.7234349250793457,0.5705993175506592,-0.0876986905932426,0.684312105178833,0.5219049453735352,-0.0999023765325546,0.6451765298843384,0.4772942662239074,-0.1068792268633842
0.7974241971969604,0.9278258085250854,2.2778915820254042e-07,0.7092041969299316,0.920346975326538,-0.0176641438156366,0.6377126574516296,0.8440864682197571,-0.0293031632900238,0.6124104261398315,0.7599194645881653,-0.0426907129585742,0.5866387486457825,0.6950741410255432,-0.055797129869461,0.6044018864631653,0.6963562965393066,-0.0119944093748927,0.5444082021713257,0.6098632216453552,-0.0395037978887558,0.504320502281189,0.5600321292877197,-0.0645259842276573,0.4680620431900024,0.5130443572998047,-0.0839148163795471,0.6382095217704773,0.6731563806533813,-0.0264827515929937,0.5664633512496948,0.5805081129074097,-0.0536608360707759,0.5151554346084595,0.5210563540458679,-0.078743115067482,0.4688370823860168,0.4676485657691955,-0.0963387787342071,0.6842046976089478,0.66778963804245,-0.0450151823461055,0.6120457053184509,0.5694137811660767,-0.0730199664831161,0.5624595284461975,0.5107398629188538,-0.0899243354797363,0.5151679515838623,0.458967924118042,-0.1003908738493919,0.7410290241241455,0.6791289448738098,-0.0659217089414596,0.6867099404335022,0.5977110266685486,-0.0935078114271164,0.6432349681854248,0.5444158315658569,-0.1052637100219726,0.6012242436408997,0.4964855909347534,-0.1116693764925003
0.7842994928359985,0.936290442943573,1.213148550505139e-07,0.6953281760215759,0.923737406730652,-0.0122275007888674,0.6237767934799194,0.8479756712913513,-0.0207634773105382,0.596038281917572,0.7688770294189453,-0.0321205183863639,0.5676394701004028,0.7091155648231506,-0.0431290864944458,0.5882289409637451,0.716738224029541,-0.0040972186252474,0.5273870825767517,0.6343736052513123,-0.0297689549624919,0.486579954624176,0.5898723006248474,-0.0535404458642005,0.4497207999229431,0.5504019856452942,-0.0717802792787551,0.6219469308853149,0.694659948348999,-0.0204949248582124,0.5481353998184204,0.6066091656684875,-0.0459386482834816,0.4967577457427978,0.5525210499763489,-0.0701484009623527,0.4502461552619934,0.505361795425415,-0.0869897305965423,0.6670973896980286,0.6875988245010376,-0.0408153310418129,0.5924603343009949,0.5955590605735779,-0.0667155086994171,0.5428061485290527,0.5409175157546997,-0.0824082568287849,0.4955214560031891,0.4936355650424957,-0.0921571478247642,0.7239370942115784,0.6957218647003174,-0.0631483197212219,0.6674306392669678,0.6195945739746094,-0.0881983712315559,0.6231107115745544,0.5718733668327332,-0.0979152172803878,0.5802174806594849,0.529405951499939,-0.1030591204762458
0.7874876260757446,0.9379628300666809,1.492039274353374e-07,0.7009239792823792,0.9257808327674866,-0.01300385594367981,0.630961537361145,0.8503116369247437,-0.022051701322197914,0.6044126749038696,0.7709542512893677,-0.03386024013161659,0.5811856389045715,0.708999752998352,-0.04547366499900818,0.5901379585266113,0.7202240228652954,-0.0038325688801705837,0.5291719436645508,0.6365368366241455,-0.029132992029190063,0.488934189081192,0.58979332447052,-0.05272689834237099,0.45347386598587036,0.5483661890029907,-0.07106151431798935,0.6226339936256409,0.6972917914390564,-0.020075000822544098,0.548696756362915,0.6091005802154541,-0.04587353765964508,0.49766629934310913,0.5551644563674927,-0.07044640183448792,0.45187002420425415,0.5084503889083862,-0.08751101791858673,0.6664296984672546,0.6888483762741089,-0.0403323695063591,0.591481626033783,0.5985283851623535,-0.06664726138114929,0.5414467453956604,0.5448293685913086,-0.08276203274726868,0.4946776330471039,0.49873119592666626,-0.09268659353256226,0.7227650880813599,0.6952160596847534,-0.06271157413721085,0.6643132567405701,0.6192198395729065,-0.08798830956220627,0.6192193627357483,0.5728000402450562,-0.09799771010875702,0.5756396055221558,0.531845211982727,-0.10342191159725189
